,Player,Team,Position,Age,Date of Birth,Birth City,Birth State/Province,Birth Country,Nationality,Height (in),Weight (lbs),Draft Year,Draft Team,Draft Round,Round Pick,Overall Draft Position
0,Jaromir Jagr,FLA,R,51,1972-02-15,Kladno,,CZE,CZE,75,230,1990,PIT,1,5,5
1,Patrik Elias,N.J,C,47,1976-04-13,Trebic,,CZE,CZE,73,190,1994,N.J,2,25,51
2,Eric Boulton,NYI,L,47,1976-08-17,Halifax,NS,CAN,CAN,72,227,1994,NYR,9,26,234
3,Shane Doan,ARI,R,47,1976-10-10,Halkirk,AB,CAN,CAN,73,223,1995,WIN,1,7,7
4,Jarome Iginla,COL,R,46,1977-07-01,Edmonton,AB,CAN,CAN,73,210,1995,DAL,1,11,11
5,Dainius Zubrus,S.J,C,45,1978-06-16,Elektrenai,,LTU,LTU,77,225,1996,PHI,1,15,15
6,Matt Cullen,PIT,C,47,1976-11-02,Virginia,MN,USA,USA,73,202,1996,ANA,2,9,35
7,Zdeno Chara,BOS,D,46,1977-03-18,Trencin,,SVK,SVK,81,250,1996,NYI,3,4,56
8,Michal Rozsival,CHI,D,45,1978-09-03,Vlasim,,CZE,CZE,73,210,1996,PIT,4,25,105
9,Willie Mitchell,FLA,D,46,1977-04-23,Port McNeill,BC,CAN,CAN,75,210,1996,N.J,8,10,199
10,Shawn Thornton,FLA,L,46,1977-07-23,Oshawa,ON,CAN,CAN,74,217,1997,TOR,7,29,190
11,Joe Thornton,S.J,C,44,1979-07-02,London,ON,CAN,CAN,76,220,1997,BOS,1,1,1
12,Patrick Marleau,S.J,"C, L",44,1979-09-15,Aneroid,SK,CAN,CAN,74,215,1997,S.J,1,2,2
13,Marian Hossa,CHI,R,44,1979-01-12,Stará Lubovna,,SVK,SVK,73,207,1997,OTT,1,12,12
14,Jason Chimera,WSH,L,44,1979-05-02,Edmonton,AB,CAN,CAN,75,215,1997,EDM,5,15,121
15,Brian Campbell,FLA,D,44,1979-05-23,Strathroy,ON,CAN,CAN,70,192,1997,BUF,6,22,156
16,Andrew Ference,EDM,D,44,1979-03-17,Edmonton,AB,CAN,CAN,71,182,1997,PIT,8,18,208
17,Pascal Dupuis,PIT,R,44,1979-04-07,Laval,QC,CAN,CAN,73,205,-,-,-,-,-
18,Dan Boyle,NYR,D,47,1976-07-12,Ottawa,ON,CAN,CAN,71,194,-,-,-,-,-
19,Vincent Lecavalier,"L.A, PHI",C,43,1980-04-21,Ile Bizard,QC,CAN,CAN,76,215,1998,T.B,1,1,1
20,David Legwand,BUF,C,43,1980-08-17,Detroit,MI,USA,USA,74,207,1998,NSH,1,2,2
21,Brad Stuart,COL,D,44,1979-11-06,Rocky Mountain House,AB,CAN,CAN,74,215,1998,S.J,1,3,3
22,Alex Tanguay,"ARI, COL",L,44,1979-11-21,Ste-Justine,QC,CAN,CAN,73,194,1998,COL,1,12,12
23,Scott Gomez,"OTT, STL",C,43,1979-12-23,Anchorage,AK,USA,USA,71,200,1998,N.J,1,27,27
24,Mike Fisher,NSH,C,43,1980-06-05,Peterborough,ON,CAN,CAN,73,216,1998,OTT,2,17,44
25,Mike Ribeiro,NSH,C,43,1980-02-10,Montreal,QC,CAN,CAN,72,179,1998,MTL,2,18,45
26,Brad Richards,DET,C,43,1980-05-02,Murray Hbr.,PE,CAN,CAN,72,199,1998,T.B,3,6,64
27,Francois Beauchemin,COL,D,43,1980-06-04,Sorel,QC,CAN,CAN,71,208,1998,MTL,3,17,75
28,Brian Gionta,BUF,R,44,1979-01-18,Rochester,NY,USA,USA,67,178,1998,N.J,3,24,82
29,Shawn Horcoff,ANA,C,45,1978-09-17,Trail,BC,CAN,CAN,73,210,1998,EDM,4,13,99
30,Rob Scuderi,"CHI, L.A, PIT",D,44,1978-12-30,Syosset,NY,USA,USA,73,216,1998,PIT,5,20,134
31,Chris Neil,OTT,R,44,1979-06-18,Flesherton,ON,CAN,CAN,73,209,1998,OTT,6,16,161
32,Andrei Markov,MTL,D,44,1978-12-20,Voskresensk,,RUS,RUS,72,200,1998,MTL,6,17,162
33,Pavel Datsyuk,DET,C,45,1978-07-20,Sverdlovsk,,RUS,RUS,71,188,1998,DET,6,26,171
34,Daniel Sedin,VAN,L,43,1980-09-26,Ornskoldsvik,,SWE,SWE,73,190,1999,VAN,1,2,2
35,Henrik Sedin,VAN,C,43,1980-09-26,Ornskoldsvik,,SWE,SWE,74,183,1999,VAN,1,3,3
36,Barret Jackman,NSH,D,42,1981-03-05,Trail,BC,CAN,CAN,72,203,1999,STL,1,17,17
37,Martin Havlat,STL,R,42,1981-04-19,Mlada Boleslav,,CZE,CZE,74,210,1999,OTT,1,26,26
38,Chris Kelly,BOS,C,43,1980-11-11,Toronto,ON,CAN,CAN,72,190,1999,OTT,3,28,94
39,Derek MacKenzie,FLA,C,42,1981-06-11,Sudbury,ON,CAN,CAN,71,177,1999,ATL,5,2,128
40,Henrik Zetterberg,DET,L,43,1980-10-09,Njurunda,,SWE,SWE,72,197,1999,DET,7,24,210
41,Radim Vrbata,VAN,R,42,1981-06-13,Mlada Boleslav,,CZE,CZE,73,194,1999,COL,7,26,212
42,Joel Ward,S.J,R,43,1980-12-02,North York,ON,CAN,CAN,73,225,-,-,-,-,-
43,Mark Streit,PHI,D,46,1977-12-11,Bern,,CHE,CHE,71,186,2004,MTL,9,4,262
44,Marian Gaborik,L.A,R,41,1982-02-14,Trencin,,SVK,SVK,73,200,2000,MIN,1,3,3
45,Scott Hartnell,CBJ,L,41,1982-04-18,Regina,SK,CAN,CAN,74,215,2000,NSH,1,6,6
46,Ron Hainsey,CAR,D,42,1981-03-24,Bolton,CT,USA,USA,75,201,2000,MTL,1,13,13
47,Brooks Orpik,WSH,D,43,1980-09-26,San Francisco,CA,USA,USA,75,217,2000,PIT,1,18,18
48,Brad Boyes,TOR,R,41,1982-04-17,Mississauga,ON,CAN,CAN,72,199,2000,TOR,1,24,24
49,Steve Ott,STL,C,41,1982-08-19,Summerside,PE,CAN,CAN,72,193,2000,DAL,1,25,25
50,Justin Williams,WSH,R,42,1981-10-04,Cobourg,ON,CAN,CAN,73,184,2000,PHI,1,28,28
51,Niklas Kronwall,DET,D,42,1981-01-12,Stockholm,,SWE,SWE,72,194,2000,DET,1,29,29
52,Nick Schultz,PHI,D,41,1982-08-25,Strasbourg,SK,CAN,CAN,73,203,2000,MIN,2,3,33
53,Jarret Stoll,"MIN, NYR",C,41,1982-06-24,Melville,SK,CAN,CAN,73,216,2002,EDM,2,6,36
54,Antoine Vermette,ARI,C,41,1982-07-20,St. Agapit,QC,CAN,CAN,73,197,2000,OTT,2,25,55
55,Paul Martin,S.J,D,42,1981-03-05,Minneapolis,MN,USA,USA,73,200,2000,N.J,2,32,62
56,Dominic Moore,NYR,C,43,1980-08-03,Thornhill,ON,CAN,CAN,72,192,2000,NYR,3,30,95
57,Matt Hendricks,EDM,L,42,1981-06-17,Blaine,MN,USA,USA,72,211,2000,NSH,5,1,131
58,Travis Moen,DAL,L,41,1982-04-06,Stewart Valley,SK,CAN,CAN,74,215,2000,CGY,5,25,155
59,John-Michael Liles,"BOS, CAR",D,43,1980-11-25,Indianapolis,IN,USA,USA,70,185,2000,COL,5,29,159
60,Deryk Engelland,CGY,D,41,1982-04-03,Edmonton,AB,CAN,CAN,74,212,2000,N.J,6,27,194
61,Paul Gaustad,NSH,C,41,1982-02-03,Fargo,ND,USA,USA,77,227,2000,BUF,7,23,220
62,Jason Spezza,DAL,C,40,1983-06-13,Toronto,ON,CAN,CAN,75,219,2001,OTT,1,2,2
63,Mikko Koivu,MIN,C,40,1983-03-12,Turku,,FIN,FIN,75,213,2001,MIN,1,6,6
64,Tuomo Ruutu,N.J,L,40,1983-02-16,Vantaa,,FIN,FIN,72,200,2001,CHI,1,9,9
65,Dan Hamhuis,VAN,D,41,1982-12-13,Smithers,BC,CAN,CAN,73,204,2001,NSH,1,12,12
66,Ales Hemsky,DAL,R,40,1983-08-13,Pardubice,,CZE,CZE,72,177,2001,EDM,1,13,13
67,R.J. Umberger,PHI,C,41,1982-05-03,Pittsburgh,PA,USA,USA,74,214,2001,VAN,1,16,16
68,Carlo Colaiacovo,BUF,D,40,1983-01-27,Toronto,ON,CAN,CAN,73,202,2001,TOR,1,17,17
69,Tim Jackman,ANA,R,42,1981-11-14,Minot,ND,USA,USA,74,188,2001,CBJ,2,8,38
70,Fedor Tyutin,CBJ,D,40,1983-07-19,Izhevsk,,RUS,RUS,74,221,2001,NYR,2,10,40
71,Mike Cammalleri,N.J,L,41,1982-06-08,Toronto,ON,CAN,CAN,69,185,2001,L.A,2,19,49
72,Chris Thorburn,WPG,R,40,1983-06-03,Sault Ste. Marie,ON,CAN,CAN,75,235,2001,BUF,2,20,50
73,Jason Pominville,MIN,R,41,1982-11-30,Repentigny,QC,CAN,USA,72,180,2001,BUF,2,25,55
74,Jay McClement,CAR,C,40,1983-03-02,Kingston,ON,CAN,CAN,73,205,2001,STL,2,27,57
75,Tomas Plekanec,MTL,C,41,1982-10-31,Kladno,,CZE,CZE,71,190,2001,MTL,3,8,71
76,Patrick Sharp,DAL,L,41,1981-12-27,Winnipeg,MB,CAN,CAN,73,200,2001,PHI,3,32,95
77,Jordin Tootoo,N.J,R,40,1983-02-02,Churchill,MB,CAN,CAN,69,195,2001,NSH,4,2,98
78,Christian Ehrhoff,"CHI, L.A",D,41,1982-07-06,Moers,,DEU,DEU,74,201,2001,S.J,4,10,106
79,Kevin Bieksa,ANA,D,42,1981-06-16,Grimsby,ON,CAN,CAN,73,197,2001,VAN,5,20,151
80,Dennis Seidenberg,BOS,D,42,1981-07-18,Schwenningen,,DEU,DEU,72,199,2001,PHI,6,7,172
81,Marek Zidlicky,NYI,D,46,1977-02-03,Most,,CZE,CZE,71,190,2001,NYR,6,11,176
82,Jussi Jokinen,FLA,L,40,1983-04-01,Kalajoki,,FIN,FIN,72,191,2001,DAL,6,27,192
83,Brooks Laich,"TOR, WSH",C,40,1983-06-23,Wawota,SK,CAN,CAN,74,200,2001,OTT,6,28,193
84,Johnny Oduya,DAL,D,42,1981-10-01,Stockholm,,SWE,SWE,72,191,2001,WSH,7,25,221
85,PA Parenteau,TOR,R,40,1983-03-24,Hull,QC,CAN,CAN,72,200,2001,ANA,9,5,264
86,Vernon Fiddler,DAL,C,43,1980-05-09,Edmonton,AB,CAN,CAN,71,205,-,-,-,-,-
87,Zbynek Michalek,ARI,D,40,1982-12-23,Jindrichuv Hradec,,CZE,CZE,74,210,-,-,-,-,-
88,Dennis Wideman,CGY,D,40,1983-03-20,Kitchener,ON,CAN,CAN,72,202,2002,BUF,8,12,241
89,Tomas Fleischmann,"CHI, MTL",L,39,1984-05-16,Koprivnice,,CZE,CZE,73,192,2002,DET,2,33,63
90,Rick Nash,NYR,R,39,1984-06-16,Brampton,ON,CAN,CAN,76,211,2002,CBJ,1,1,1
91,Valtteri Filppula,T.B,C,39,1984-03-20,Vantaa,,FIN,FIN,72,189,2002,DET,3,32,95
92,Tom Gilbert,MTL,D,40,1983-01-10,Bloomington,MN,USA,USA,74,210,2002,COL,4,33,129
93,Scottie Upshall,STL,R,40,1983-10-07,Fort McMurray,AB,CAN,CAN,72,200,2002,NSH,1,6,6
94,Trevor Daley,"CHI, PIT",D,40,1983-10-09,Toronto,ON,CAN,CAN,71,199,2002,DAL,2,13,43
95,Alexander Semin,MTL,R,39,1984-03-03,Krasnojarsk,,RUS,RUS,74,211,2002,WSH,1,13,13
96,Matt Greene,L.A,D,40,1983-05-13,Grand Ledge,MI,USA,USA,75,236,2002,EDM,2,14,44
97,Frans Nielsen,NYI,C,39,1984-04-24,Herning,,DNK,DNK,73,186,2002,NYI,3,24,87
98,Jay Bouwmeester,STL,D,40,1983-09-27,Edmonton,AB,CAN,CAN,76,206,2002,FLA,1,3,3
99,Boyd Gordon,ARI,C,40,1983-10-19,Unity,SK,CAN,CAN,72,200,2002,WSH,1,17,17
100,Matt Stajan,CGY,C,39,1983-12-19,Mississauga,ON,CAN,CAN,73,195,2002,TOR,2,27,57
101,Gregory Campbell,CBJ,C,39,1983-12-17,London,ON,CAN,CAN,72,188,2002,FLA,3,4,67
102,Max Talbot,BOS,C,39,1984-02-11,Lemoyne,QC,CAN,CAN,71,186,2002,PIT,8,5,234
103,Eric Nystrom,NSH,L,40,1983-02-14,Syosset,NY,USA,USA,73,200,2002,CGY,1,10,10
104,Johnny Boychuk,NYI,D,39,1984-01-19,Edmonton,AB,CAN,CAN,74,227,2002,COL,2,31,61
105,Jiri Hudler,"CGY, FLA",R,39,1984-01-04,Olomouc,,CZE,CZE,70,190,2002,DET,2,28,58
106,Joffrey Lupul,TOR,L,40,1983-09-23,Fort Saskatchewan,AB,CAN,CAN,73,206,2002,ANA,1,7,7
107,James Wisniewski,CAR,D,39,1984-02-21,Canton,MI,USA,USA,71,203,2002,CHI,5,25,156
108,Daniel Paille,NYR,L,39,1984-04-15,Welland,ON,CAN,CAN,73,188,2002,BUF,1,20,20
109,Alexander Steen,STL,L,39,1984-03-01,Winnipeg,MB,CAN,SWE,72,211,2002,TOR,1,24,24
110,Chris Higgins,VAN,L,40,1983-06-02,Smithtown,NY,USA,USA,72,205,2002,MTL,1,14,14
111,Duncan Keith,CHI,D,40,1983-07-16,Winnipeg,MB,CAN,CAN,73,192,2002,CHI,2,24,54
112,Nate Guenin,COL,D,41,1982-12-10,Aliquippa,PA,USA,USA,75,207,2002,NYR,4,31,127
113,Jonathan Ericsson,DET,D,39,1984-03-02,Karlskrona,,SWE,SWE,76,218,2002,DET,9,31,291
114,Josh Gorges,BUF,D,39,1984-08-14,Kelowna,BC,CAN,CAN,73,204,-,-,-,-,-
115,Alexandre Burrows,VAN,L,42,1981-04-11,Pincourt,QC,CAN,CAN,73,197,-,-,-,-,-
116,Andre Benoit,STL,D,39,1984-01-06,St. Albert,ON,CAN,CAN,71,190,-,-,-,-,-
117,Chris Kunitz,PIT,L,44,1979-09-26,Regina,SK,CAN,CAN,72,188,-,-,-,-,-
118,Eric Staal,"CAR, NYR",C,39,1984-10-29,Thunder Bay,ON,CAN,CAN,76,195,2003,CAR,1,2,2
119,Thomas Vanek,MIN,L,39,1984-01-19,Vienna,,AUT,AUT,74,214,2003,BUF,1,5,5
120,Milan Michalek,"OTT, TOR",L,39,1984-12-07,Jindrichuv Hradec,,CZE,CZE,74,225,2003,S.J,1,6,6
121,Ryan Suter,MIN,D,38,1985-01-21,Madison,WI,USA,USA,73,205,2003,NSH,1,7,7
122,Braydon Coburn,T.B,D,38,1985-02-27,Shaunavon,SK,CAN,CAN,77,224,2003,ATL,1,8,8
123,Dion Phaneuf,"OTT, TOR",D,38,1985-04-10,Edmonton,AB,CAN,CAN,75,222,2003,CGY,1,9,9
124,Jeff Carter,L.A,C,38,1985-01-01,London,ON,CAN,CAN,75,219,2003,PHI,1,11,11
125,Dustin Brown,L.A,R,39,1984-11-04,Ithaca,NY,USA,USA,72,205,2003,L.A,1,13,13
126,Brent Seabrook,CHI,D,38,1985-04-20,Richmond,BC,CAN,CAN,75,220,2003,CHI,1,14,14
127,Steve Bernier,NYI,R,38,1985-03-31,Quebec City,QC,CAN,CAN,75,222,2003,S.J,1,16,16
128,Zach Parise,MIN,L,39,1984-07-28,Minneapolis,MN,USA,USA,71,195,2003,N.J,1,17,17
129,Eric Fehr,PIT,C,38,1985-09-07,Winkler,MB,CAN,CAN,76,209,2003,WSH,1,18,18
130,Ryan Getzlaf,ANA,C,38,1985-05-10,Regina,SK,CAN,CAN,76,220,2003,ANA,1,19,19
131,Brent Burns,S.J,D,38,1985-03-09,Barrie,ON,CAN,CAN,77,230,2003,MIN,1,20,20
132,Mark Stuart,WPG,D,39,1984-04-27,Rochester,MN,USA,USA,74,215,2003,BOS,1,21,21
133,Ryan Kesler,ANA,C,39,1984-08-31,Livonia,MI,USA,USA,74,206,2003,VAN,1,23,23
134,Mike Richards,WSH,C,38,1985-02-11,Kenora,ON,CAN,CAN,71,196,2003,PHI,1,24,24
135,Brian Boyle,T.B,C,38,1984-12-18,Hingham,MA,USA,USA,78,245,2003,L.A,1,26,26
136,Corey Perry,ANA,R,38,1985-05-16,Peterborough,ON,CAN,CAN,75,208,2003,ANA,1,28,28
137,Patrick Eaves,DAL,R,39,1984-05-01,Calgary,AB,CAN,USA,70,203,2003,OTT,1,29,29
138,Loui Eriksson,BOS,L,38,1985-07-17,Gothenburg,,SWE,SWE,74,179,2003,DAL,2,3,33
139,Kevin Klein,NYR,D,39,1984-12-13,Kitchener,ON,CAN,CAN,73,206,2003,NSH,2,7,37
140,Patrice Bergeron,BOS,C,38,1985-07-24,Ancienne-Lorette,QC,CAN,CAN,73,196,2003,BOS,2,15,45
141,Matt Carle,T.B,D,39,1984-09-25,Anchorage,AK,USA,USA,72,197,2003,S.J,2,17,47
142,Shea Weber,NSH,D,38,1985-08-14,Sicamous,BC,CAN,CAN,76,230,2003,NSH,2,19,49
143,Colin McDonald,PHI,R,39,1984-09-30,Wethersfield,CT,USA,USA,74,219,2003,EDM,2,21,51
144,David Backes,STL,R,39,1984-05-01,Minneapolis,MN,USA,USA,75,215,2003,STL,2,32,62
145,Clarke MacArthur,OTT,L,38,1985-04-06,Lloydminster,AB,CAN,CAN,72,192,2003,BUF,3,6,74
146,Corey Potter,NSH,D,39,1984-01-05,Lansing,MI,USA,USA,75,204,2003,NYR,4,21,122
147,Kyle Quincey,DET,D,38,1985-08-12,Kitchener,ON,CAN,CAN,74,210,2003,DET,4,31,132
148,Tyson Strachan,MIN,D,39,1984-10-30,Melfort,SK,CAN,CAN,75,210,2003,CAR,5,1,137
149,Lee Stempniak,"BOS, N.J",R,40,1983-02-04,West Seneca,NY,USA,USA,71,195,2003,STL,5,12,148
150,John Mitchell,COL,C,38,1985-01-22,Oakville,ON,CAN,CAN,73,204,2003,TOR,5,22,158
151,Brad Richardson,ARI,"C, R",38,1985-02-04,Belleville,ON,CAN,CAN,72,190,2003,COL,5,27,163
152,Marc Methot,OTT,D,38,1985-06-21,Ottawa,ON,CAN,CAN,76,230,2003,CBJ,6,1,168
153,Nate Thompson,ANA,C,39,1984-10-05,Anchorage,AK,USA,USA,73,205,2003,BOS,6,16,183
154,Drew Miller,DET,L,39,1984-02-17,Dover,NJ,USA,USA,74,183,2003,ANA,6,19,186
155,Joe Pavelski,S.J,C,39,1984-07-11,Plover,WI,USA,USA,71,200,2003,S.J,7,8,205
156,Kyle Brodziak,STL,C,39,1984-05-25,St. Paul,AB,CAN,CAN,74,205,2003,EDM,7,17,214
157,Toby Enstrom,WPG,D,39,1984-11-05,Nordingra,,SWE,SWE,70,180,2003,ATL,8,10,239
158,Dustin Byfuglien,WPG,D,38,1985-03-27,Roseau,MN,USA,USA,77,260,2003,CHI,8,16,245
159,Matt Moulson,BUF,L,40,1983-11-01,North York,ON,CAN,CAN,73,188,2003,PIT,9,2,263
160,Tanner Glass,NYR,L,40,1983-11-29,Regina,SK,CAN,CAN,73,213,2003,FLA,9,4,265
161,Chris Porter,MIN,L,39,1984-05-29,Toronto,ON,CAN,CAN,73,206,2003,CHI,9,21,282
162,David Jones,"CGY, MIN",R,39,1984-08-10,Guelph,ON,CAN,CAN,75,208,2003,COL,9,27,288
163,Clayton Stoner,ANA,D,38,1985-02-19,Port McNeill,BC,CAN,CAN,76,216,2004,MIN,3,14,79
164,David Clarkson,CBJ,R,39,1984-03-31,Toronto,ON,CAN,CAN,72,207,-,-,-,-,-
165,Mark Giordano,CGY,D,40,1983-10-03,Toronto,ON,CAN,CAN,72,205,-,-,-,-,-
166,Alex Ovechkin,WSH,L,38,1985-09-17,Moscow,,RUS,RUS,75,238,2004,WSH,1,1,1
167,Evgeni Malkin,PIT,C,37,1986-07-31,Magnitogorsk,,RUS,RUS,75,195,2004,PIT,1,2,2
168,Andrew Ladd,"CHI, WPG",L,38,1985-12-12,Maple Ridge,BC,CAN,CAN,75,205,2004,CAR,1,4,4
169,Blake Wheeler,WPG,R,37,1986-08-31,Plymouth,MN,USA,USA,77,220,2004,PHX,1,5,5
170,Ladislav Smid,CGY,D,37,1986-02-01,Frydlant,,CZE,CZE,76,210,2004,ANA,1,9,9
171,Drew Stafford,WPG,R,38,1985-10-30,Milwaukee,WI,USA,USA,74,215,2004,BUF,1,13,13
172,Kyle Chipchura,ARI,C,37,1986-02-19,Westlock,AB,CAN,CAN,74,203,2004,MTL,1,18,18
173,Lauri Korpikoski,EDM,L,37,1986-07-28,Turku,,FIN,FIN,73,193,2004,NYR,1,19,19
174,Travis Zajac,N.J,C,38,1985-05-13,Winnipeg,MB,CAN,CAN,74,185,2004,N.J,1,20,20
175,Jeff Schultz,L.A,D,37,1986-02-25,Calgary,AB,CAN,CAN,78,225,2004,WSH,1,27,27
176,Mike Green,DET,D,38,1985-10-12,Calgary,AB,CAN,CAN,73,210,2004,WSH,1,29,29
177,Dave Bolland,FLA,C,37,1986-06-05,Mimico,ON,CAN,CAN,72,188,2004,CHI,2,2,32
178,Bryan Bickell,CHI,L,37,1986-03-09,Bowmanville,ON,CAN,CAN,76,223,2004,CHI,2,11,41
179,Blake Comeau,COL,L,37,1986-02-18,Meadow Lake,SK,CAN,CAN,73,200,2004,NYI,2,17,47
180,Carl Soderberg,COL,C,38,1985-10-12,Malmö,,SWE,SWE,75,210,2004,STL,2,19,49
181,Nicklas Grossmann,ARI,D,38,1985-01-22,Stockholm,,SWE,SWE,76,230,2004,DAL,2,26,56
182,Brandon Dubinsky,CBJ,C,37,1986-04-29,Anchorage,AK,USA,USA,74,208,2004,NYR,2,30,60
183,Alex Goligoski,DAL,D,38,1985-07-30,Grand Rapids,MN,USA,USA,71,173,2004,PIT,2,31,61
184,David Krejci,BOS,C,37,1986-04-28,Sternberk,,CZE,CZE,72,192,2004,BOS,2,33,63
185,Brandon Prust,VAN,L,39,1984-03-16,London,ON,CAN,CAN,72,195,2004,CGY,3,5,70
186,Andrej Sekera,EDM,D,37,1986-06-08,Bojnice,,SVK,SVK,72,200,2004,BUF,3,6,71
187,Alexei Emelin,MTL,D,37,1986-04-25,Togliatti,,RUS,RUS,74,218,2004,MTL,3,19,84
188,Alexander Edler,VAN,D,37,1986-04-21,Ostersund,,SWE,SWE,76,210,2004,VAN,3,26,91
189,Johan Franzen,DET,R,43,1979-12-23,Vetlanda,,SWE,SWE,76,232,2004,DET,3,32,97
190,Tyler Kennedy,N.J,C,37,1986-07-15,Sault Ste. Marie,ON,CAN,CAN,71,185,2004,PIT,4,1,99
191,Kevin Porter,PIT,C,37,1986-03-12,Detroit,MI,USA,USA,72,190,2004,PHX,4,21,119
192,Torrey Mitchell,MTL,C,38,1985-01-30,Greenfield Park,QC,CAN,CAN,71,186,2004,S.J,4,28,126
193,Ryan Callahan,T.B,R,38,1985-03-21,Rochester,NY,USA,USA,70,187,2004,NYR,4,29,127
194,Kris Versteeg,"CAR, L.A",R,37,1986-05-13,Lethbridge,AB,CAN,CAN,71,176,2004,BOS,5,5,134
195,Nikita Nikitin,EDM,D,37,1986-06-16,Omsk,,RUS,RUS,76,217,2004,STL,5,7,136
196,Mikhail Grabovski,NYI,C,39,1984-01-31,Potsdam,,DEU,BLR,71,186,2004,MTL,5,21,150
197,Mike Brown,"MTL, S.J",R,38,1985-06-24,Chicago,IL,USA,USA,71,205,2004,VAN,5,30,159
198,Adam Pardy,"EDM, WPG",D,39,1984-03-29,Bonavista,NL,CAN,CAN,76,227,2004,CGY,6,10,173
199,Mike Santorelli,ANA,C,38,1985-12-14,Vancouver,BC,CAN,CAN,72,189,2004,NSH,6,15,178
200,Roman Polak,"S.J, TOR",D,37,1986-04-28,Ostrava,,CZE,CZE,74,240,2004,STL,6,17,180
201,Troy Brouwer,STL,R,38,1985-08-17,Vancouver,BC,CAN,CAN,75,213,2004,CHI,7,21,214
202,Matt Hunwick,TOR,D,38,1985-05-21,Warren,MI,USA,USA,71,194,2004,BOS,7,31,224
203,Daniel Winnik,"TOR, WSH",L,38,1985-03-06,Toronto,ON,CAN,CAN,74,210,2004,PHX,9,7,265
204,Adam Cracknell,"EDM, VAN",R,38,1985-07-15,Prince Albert,SK,CAN,CAN,74,209,2004,CGY,9,21,279
205,Jannik Hansen,VAN,R,37,1986-03-15,Rødovre,,DNK,DNK,73,198,2004,VAN,9,29,287
206,Rene Bourque,CBJ,R,42,1981-12-10,Lac La Biche,AB,CAN,CAN,74,217,-,-,-,-,-
207,Cody McLeod,COL,L,39,1984-06-26,Binscarth,MB,CAN,CAN,74,204,-,-,-,-,-
208,Mike Blunden,T.B,R,37,1986-12-15,Toronto,ON,CAN,CAN,76,217,2005,CHI,2,13,43
209,Mason Raymond,CGY,L,38,1985-09-17,Cochrane,AB,CAN,CAN,73,179,2005,VAN,2,21,51
210,Paul Stastny,STL,C,37,1985-12-27,Quebec City,QC,CAN,USA,72,193,2005,COL,2,14,44
211,Sidney Crosby,PIT,C,36,1987-08-07,Cole Harbour,NS,CAN,CAN,71,200,2005,PIT,1,1,1
212,Bobby Ryan,OTT,R,36,1987-03-17,Cherry Hill,NJ,USA,USA,74,208,2005,ANA,1,2,2
213,Jack Johnson,CBJ,D,36,1987-01-13,Indianapolis,IN,USA,USA,73,227,2005,CAR,1,3,3
214,Benoit Pouliot,EDM,L,37,1986-09-29,Alfred,ON,CAN,CAN,75,200,2005,MIN,1,4,4
215,Jack Skille,COL,R,36,1987-05-19,Madison,WI,USA,USA,73,216,2005,CHI,1,7,7
216,Anze Kopitar,L.A,C,36,1987-08-24,Jesenice,,SVN,SVN,75,225,2005,L.A,1,11,11
217,Marc Staal,NYR,D,36,1987-01-13,Thunder Bay,ON,CAN,CAN,76,208,2005,NYR,1,12,12
218,Martin Hanzal,ARI,C,36,1987-02-20,Pisek,,CZE,CZE,78,230,2005,PHX,1,17,17
219,Jakub Kindl,"DET, FLA",D,36,1987-02-10,Sumperk,,CZE,CZE,75,199,2005,DET,1,19,19
220,T.J. Oshie,WSH,R,36,1986-12-23,Everett,WA,USA,USA,72,187,2005,STL,1,24,24
221,Andrew Cogliano,ANA,L,36,1987-06-14,Toronto,ON,CAN,CAN,70,179,2005,EDM,1,25,25
222,Matt Niskanen,WSH,D,37,1986-12-06,Virginia,MN,USA,USA,73,203,2005,DAL,1,28,28
223,Steve Downie,ARI,R,36,1987-04-03,Newmarket,ON,CAN,CAN,71,191,2005,PHI,1,29,29
224,James Neal,NSH,"L, R",36,1987-09-03,Whitby,ON,CAN,CAN,75,212,2005,DAL,2,3,33
225,Marc-Edouard Vlasic,S.J,D,36,1987-03-30,Montreal,QC,CAN,CAN,73,205,2005,S.J,2,5,35
226,Taylor Chorney,WSH,D,36,1987-04-27,Thunder Bay,ON,CAN,USA,72,193,2005,EDM,2,6,36
227,Justin Abdelkader,DET,L,36,1987-02-25,Muskegon,MI,USA,USA,74,213,2005,DET,2,12,42
228,Adam McQuaid,BOS,D,37,1986-10-12,Charlottetown,PE,CAN,CAN,76,210,2005,CBJ,2,25,55
229,Kris Letang,PIT,D,36,1987-04-24,Montreal,QC,CAN,CAN,72,201,2005,PIT,3,1,62
230,Kris Russell,"CGY, DAL",D,36,1987-05-02,Caroline,AB,CAN,CAN,70,170,2005,CBJ,3,6,67
231,Rich Clune,TOR,L,36,1987-04-25,Toronto,ON,CAN,CAN,70,207,2005,DAL,3,10,71
232,Keith Yandle,NYR,D,37,1986-09-09,Boston,MA,USA,USA,73,192,2005,PHX,4,14,105
233,Cody Franson,BUF,D,36,1987-08-08,Sicamous,BC,CAN,CAN,77,224,2005,NSH,3,18,79
234,Marc-Andre Gragnani,N.J,D,36,1987-03-11,Montreal,QC,CAN,CAN,75,205,2005,BUF,3,26,87
235,Cody Bass,NSH,C,36,1987-01-07,Owen sound,ON,CAN,CAN,72,205,2005,OTT,4,4,95
236,Chris Butler,STL,D,37,1986-10-27,St. Louis,MO,USA,USA,73,196,2005,BUF,4,5,96
237,Chris VandeVelde,PHI,C,36,1987-03-15,Moorhead,MN,USA,USA,74,190,2005,EDM,4,6,97
238,Jared Boll,CBJ,R,37,1986-05-13,Charlotte,NC,USA,USA,75,206,2005,CBJ,4,10,101
239,Niklas Hjalmarsson,CHI,D,36,1987-06-06,Eksjo,,SWE,SWE,75,197,2005,CHI,4,17,108
240,Darren Helm,DET,C,36,1987-01-21,St. Andrews,MB,CAN,CAN,72,192,2005,DET,5,7,132
241,Nathan Gerbe,CAR,C,36,1987-07-24,Oxford,MI,USA,USA,64,176,2005,BUF,5,17,142
242,Cal O'Reilly,BUF,C,37,1986-09-30,Toronto,ON,CAN,CAN,72,188,2005,NSH,5,25,150
243,Mark Fayne,EDM,D,36,1987-05-15,Nashua,NH,USA,USA,75,209,2005,N.J,5,30,155
244,Ryan Reaves,STL,R,36,1987-01-20,Winnipeg,MB,CAN,CAN,74,225,2005,STL,5,31,156
245,Joe Vitale,ARI,C,38,1985-08-20,St. Louis,MO,USA,USA,71,205,2005,PIT,7,1,195
246,Colin Greening,"OTT, TOR",C,37,1986-03-09,St. John's,NL,CAN,CAN,74,210,2005,OTT,7,10,204
247,Anton Stralman,T.B,D,37,1986-08-01,Tibro,,SWE,SWE,71,193,2005,TOR,7,22,216
248,Patric Hornqvist,PIT,R,36,1987-01-01,Sollentuna,,SWE,SWE,71,189,2005,NSH,7,36,230
249,Mike Angelidis,T.B,L,38,1985-06-27,Woodbridge,ON,CAN,CAN,73,214,-,-,-,-,-
250,Andrew Desjardins,CHI,L,37,1986-07-27,Lively,ON,CAN,CAN,73,195,-,-,-,-,-
251,Dan Girardi,NYR,D,39,1984-04-29,Welland,ON,CAN,CAN,73,212,-,-,-,-,-
252,David Desharnais,MTL,C,37,1986-09-14,Laurier-Station,QC,CAN,CAN,67,180,-,-,-,-,-
253,Bracken Kearns,NYI,C,42,1981-05-12,North Vancouver,BC,CAN,CAN,72,188,-,-,-,-,-
254,Andy Greene,N.J,D,41,1982-10-30,Trenton,MI,USA,USA,71,190,-,-,-,-,-
255,Stephen Gionta,N.J,R,40,1983-10-09,Rochester,NY,USA,USA,67,177,-,-,-,-,-
256,Bryan Little,WPG,C,36,1987-11-12,Edmonton,AB,CAN,CAN,72,191,2006,ATL,1,12,12
257,Alex Biega,VAN,D,35,1988-04-04,Montreal,QC,CAN,CAN,70,195,2006,BUF,5,24,147
258,Brad Marchand,BOS,L,35,1988-05-11,Halifax,NS,CAN,CAN,69,176,2006,BOS,3,8,71
259,Nick Foligno,CBJ,L,36,1987-10-31,Buffalo,NY,USA,USA,72,210,2006,OTT,1,28,28
260,Mike Weber,"BUF, WSH",D,35,1987-12-16,Pittsburgh,PA,USA,USA,74,188,2006,BUF,2,27,57
261,Bud Holloway,MTL,C,35,1988-03-01,Wapella,SK,CAN,CAN,72,194,2006,L.A,3,23,86
262,Derek Dorsett,VAN,R,36,1986-12-20,Kindersley,SK,CAN,CAN,72,192,2006,CBJ,7,6,189
263,Erik Johnson,COL,D,35,1988-03-21,Bloomington,MN,USA,USA,76,225,2006,STL,1,1,1
264,Kyle Okposo,NYI,R,35,1988-04-16,St. Paul,MN,USA,USA,72,218,2006,NYI,1,7,7
265,Trevor Lewis,L.A,C,36,1987-01-08,Salt Lake City,UT,USA,USA,73,201,2006,L.A,1,17,17
266,Leo Komarov,TOR,C,36,1987-01-23,Narva,,EST,FIN,71,205,2006,TOR,6,27,180
267,Jamie McGinn,"ANA, BUF",L,35,1988-08-05,Fergus,ON,CAN,CAN,73,205,2006,S.J,2,6,36
268,Ryan White,PHI,C,35,1988-03-17,Brandon,MB,CAN,CAN,72,200,2006,MTL,3,3,66
269,Eric Gryba,EDM,D,35,1988-04-14,Saskatoon,SK,CAN,CAN,76,222,2006,OTT,3,5,68
270,Milan Lucic,L.A,L,35,1988-06-07,Vancouver,BC,CAN,CAN,75,240,2006,BOS,2,20,50
271,Jiri Tlusty,N.J,L,35,1988-03-16,Slany,,CZE,CZE,72,205,2006,TOR,1,13,13
272,Chris Stewart,ANA,R,36,1987-10-30,Toronto,ON,CAN,CAN,74,242,2006,COL,1,18,18
273,Matt Beleskey,BOS,L,35,1988-06-07,Windsor,ON,CAN,CAN,72,207,2006,ANA,4,19,112
274,Cal Clutterbuck,NYI,R,36,1987-11-18,Welland,ON,CAN,CAN,72,212,2006,MIN,3,9,72
275,Jeff Petry,MTL,D,36,1987-12-09,Ann Arbor,MI,USA,USA,75,209,2006,EDM,2,15,45
276,Claude Giroux,PHI,C,35,1988-01-12,Hearst,ON,CAN,CAN,71,190,2006,PHI,1,22,22
277,Jordan Staal,CAR,C,35,1988-09-10,Thunder Bay,ON,CAN,CAN,76,220,2006,PIT,1,2,2
278,Patrik Berglund,STL,C,35,1988-06-02,Västerås,,SWE,SWE,76,215,2006,STL,1,25,25
279,Viktor Stalberg,NYR,L,37,1986-01-17,Gothenburg,,SWE,SWE,75,209,2006,TOR,6,8,161
280,Tom Sestito,PIT,L,36,1987-09-28,Rome,NY,USA,USA,77,228,2006,CBJ,3,22,85
281,Derick Brassard,NYR,C,36,1987-09-22,Hull,QC,CAN,CAN,73,200,2006,CBJ,1,6,6
282,Michael Grabner,TOR,R,36,1987-10-05,Villach,,AUT,AUT,73,188,2006,VAN,1,14,14
283,Phil Kessel,PIT,R,36,1987-10-02,Madison,WI,USA,USA,71,208,2006,BOS,1,5,5
284,Andrew Bodnarchuk,"CBJ, COL",D,35,1988-07-11,Drumheller,AB,CAN,CAN,71,195,2006,BOS,5,5,128
285,Korbinian Holzer,ANA,D,35,1988-02-16,Munich,,DEU,DEU,75,213,2006,TOR,4,18,111
286,John McCarthy,S.J,C,37,1986-08-09,Boston,MA,USA,USA,73,195,2006,S.J,7,19,202
287,Nicklas Backstrom,WSH,C,36,1987-11-23,Gävle,,SWE,SWE,73,202,2006,WSH,1,4,4
288,Michael Frolik,CGY,R,35,1988-02-17,Kladno,,CZE,CZE,73,186,2006,FLA,1,10,10
289,Brian Strait,NYI,D,35,1988-01-04,Waltham,MA,USA,USA,73,188,2006,PIT,3,2,65
290,Jamie McBain,L.A,D,35,1988-02-25,Edina,MN,USA,USA,73,195,2006,CAR,2,33,63
291,Artem Anisimov,CHI,C,35,1988-05-24,Yaroslavl,,RUS,RUS,76,199,2006,NYR,2,24,54
292,Shawn Matthias,"COL, TOR",L,35,1988-02-19,Mississauga,ON,CAN,CAN,76,231,2006,DET,2,17,47
293,Nikolay Kulemin,NYI,L,37,1986-07-14,Magnitogorsk,,RUS,RUS,73,228,2006,TOR,2,14,44
294,Andrew MacDonald,PHI,D,37,1986-09-07,Judique,NS,CAN,CAN,73,204,2006,NYI,6,7,160
295,Erik Condra,T.B,R,37,1986-08-06,Trenton,MI,USA,USA,71,185,2006,OTT,7,28,211
296,Chris Summers,NYR,D,35,1988-02-05,Ann Arbor,MI,USA,USA,74,207,2006,PHX,1,29,29
297,Jonathan Toews,CHI,C,35,1988-04-29,Winnipeg,MB,CAN,CAN,74,201,2006,CHI,1,3,3
298,Mathieu Perreault,WPG,C,35,1988-01-05,Drummondville,QC,CAN,CAN,70,189,2006,WSH,6,24,177
299,Ryan Carter,MIN,L,40,1983-08-03,White Bear Lake,MN,USA,USA,73,205,-,-,-,-,-
300,Victor Bartley,"MTL, NSH",D,35,1988-02-17,Ottawa,ON,CAN,CAN,72,217,-,-,-,-,-
301,David Schlemko,N.J,D,36,1987-05-07,Edmonton,AB,CAN,CAN,73,191,-,-,-,-,-
302,John Scott,"ARI, MTL",L,41,1982-09-26,Edmonton,AB,CAN,CAN,80,260,-,-,-,-,-
303,Mark Letestu,EDM,C,38,1985-02-04,Elk Point,AB,CAN,CAN,70,195,-,-,-,-,-
304,Ben Lovejoy,PIT,D,39,1984-02-20,Concord,NH,USA,USA,73,205,-,-,-,-,-
305,Teddy Purcell,"EDM, FLA",L,38,1985-09-08,St. John's,NL,CAN,CAN,74,195,-,-,-,-,-
306,Rob Klinkhammer,EDM,L,37,1986-08-12,Lethbridge,AB,CAN,CAN,75,214,-,-,-,-,-
307,Alex Killorn,T.B,L,34,1989-09-14,Halifax,NS,CAN,CAN,73,194,2007,T.B,3,16,77
308,Luke Gazdic,EDM,L,34,1989-07-25,Toronto,ON,CAN,CAN,76,225,2007,DAL,6,21,172
309,Karl Alzner,WSH,D,35,1988-09-24,Burnaby,BC,CAN,CAN,75,213,2007,WSH,1,5,5
310,Justin Falk,CBJ,D,35,1988-10-11,Snowflake,MB,CAN,CAN,77,223,2007,MIN,4,19,110
311,Jamie Benn,DAL,L,34,1989-07-18,Victoria,BC,CAN,CAN,74,205,2007,DAL,5,8,129
312,Steven Kampfer,FLA,D,35,1988-09-24,Ann Arbor,MI,USA,USA,71,198,2007,ANA,4,2,93
313,Alex Grant,ARI,D,34,1989-01-20,Antigonish,NS,CAN,CAN,75,210,2007,PIT,4,27,118
314,Paul Carey,WSH,C,35,1988-09-24,Boston,MA,USA,USA,73,200,2007,COL,5,14,135
315,Nick Bonino,PIT,C,35,1988-04-20,Hartford,CT,USA,USA,73,195,2007,S.J,6,22,173
316,Ian Cole,PIT,D,34,1989-02-21,Ann Arbor,MI,USA,USA,73,225,2007,STL,1,18,18
317,Tommy Cross,BOS,D,34,1989-09-12,Hartford,CT,USA,USA,75,205,2007,BOS,2,5,35
318,Jim O'Brien,N.J,C,34,1989-01-29,Maplewood,MN,USA,USA,75,195,2007,OTT,1,29,29
319,Eric Tangradi,DET,L,34,1989-02-10,Philadelphia,PA,USA,USA,76,226,2007,ANA,2,12,42
320,Justin Braun,S.J,D,36,1987-02-10,Minneapolis,MN,USA,USA,74,205,2007,S.J,7,20,201
321,Kevin Shattenkirk,STL,D,34,1989-01-29,New Rochelle,NY,USA,USA,72,212,2007,COL,1,14,14
322,Patrick Maroon,"ANA, EDM",L,35,1988-04-23,St. Louis,MO,USA,USA,75,234,2007,PHI,6,10,161
323,James van Riemsdyk,TOR,L,34,1989-05-04,Middletown,NJ,USA,USA,75,208,2007,PHI,1,2,2
324,Paul Byron,MTL,L,34,1989-04-27,Ottawa,ON,CAN,CAN,69,164,2007,BUF,6,28,179
325,Sam Gagner,PHI,C,34,1989-08-10,London,ON,CAN,CAN,71,201,2007,EDM,1,6,6
326,Chris Terry,CAR,L,34,1989-04-07,Brampton,ON,CAN,CAN,70,191,2007,CAR,5,11,132
327,Logan Couture,S.J,C,34,1989-03-28,Guelph,ON,CAN,CAN,73,206,2007,S.J,1,9,9
328,P.K. Subban,MTL,D,34,1989-05-13,Toronto,ON,CAN,CAN,72,210,2007,MTL,2,13,43
329,Anthony Peluso,WPG,R,34,1989-04-18,North York,ON,CAN,CAN,75,225,2007,STL,6,9,160
330,Riley Nash,CAR,C,34,1989-05-09,Consort,AB,CAN,CAN,74,188,2007,EDM,1,21,21
331,Thomas Hickey,NYI,D,34,1989-02-08,Calgary,AB,CAN,CAN,72,185,2007,L.A,1,4,4
332,Kyle Turris,OTT,C,34,1989-08-14,New Westminster,BC,CAN,CAN,73,190,2007,PHX,1,3,3
333,Paul Postma,WPG,D,34,1989-02-22,Red Deer,AB,CAN,CAN,75,195,2007,ATL,7,24,205
334,Brad Malone,CAR,C,34,1989-05-20,Miramichi,NB,CAN,CAN,74,217,2007,COL,4,14,105
335,Brendan Smith,DET,D,34,1989-02-08,Mimico,ON,CAN,CAN,74,200,2007,DET,1,27,27
336,Brandon Sutter,VAN,C,34,1989-02-14,Huntington,NY,USA,CAN,75,190,2007,CAR,1,11,11
337,Matt Halischuk,WPG,R,35,1988-06-01,Toronto,ON,CAN,CAN,72,180,2007,N.J,4,26,117
338,Nick Spaling,"S.J, TOR",C,35,1988-09-19,Palmerston,ON,CAN,CAN,73,198,2007,NSH,2,28,58
339,Colton Sceviour,DAL,C,34,1989-04-20,Red Deer,AB,CAN,CAN,72,190,2007,DAL,4,21,112
340,Dwight King,L.A,L,34,1989-07-05,Meadow Lake,SK,CAN,CAN,76,229,2007,L.A,4,18,109
341,David Perron,"ANA, PIT",L,35,1988-05-28,Sherbrooke,QC,CAN,CAN,73,196,2007,STL,1,26,26
342,TJ Brennan,TOR,D,34,1989-04-03,Willingboro,NJ,USA,USA,73,216,2007,BUF,2,1,31
343,Carl Gunnarsson,STL,D,37,1986-11-09,Orebro,,SWE,SWE,74,198,2007,TOR,7,13,194
344,Yannick Weber,VAN,D,35,1988-09-23,Morges,,CHE,CHE,71,200,2007,MTL,3,12,73
345,Dustin Jeffrey,ARI,L,35,1988-02-27,Sarnia,ON,CAN,CAN,73,205,2007,PIT,6,20,171
346,Patrick Kane,CHI,R,35,1988-11-19,Buffalo,NY,USA,USA,70,177,2007,CHI,1,1,1
347,Robert Bortuzzo,STL,D,34,1989-03-18,Thunder Bay,ON,CAN,CAN,76,216,2007,PIT,3,17,78
348,Mikael Backlund,CGY,C,34,1989-03-17,Vasteras,,SWE,SWE,72,206,2007,CGY,1,24,24
349,Ryan McDonagh,NYR,D,34,1989-06-13,St. Paul,MN,USA,USA,73,215,2007,MTL,1,12,12
350,Max Pacioretty,MTL,L,35,1988-11-20,New Canaan,CT,USA,USA,74,217,2007,MTL,1,22,22
351,Jakub Voracek,PHI,R,34,1989-08-15,Kladno,,CZE,CZE,74,216,2007,CBJ,1,7,7
352,Jake Muzzin,L.A,D,34,1989-02-21,Woodstock,ON,CAN,CAN,75,227,2007,PIT,5,20,141
353,Alec Martinez,L.A,D,36,1987-07-26,Rochester Hills,MI,USA,USA,73,210,2007,L.A,4,4,95
354,Joakim Andersson,DET,C,34,1989-02-05,Munkedal,,SWE,SWE,74,211,2007,DET,3,27,88
355,Carl Hagelin,"ANA, PIT",L,35,1988-08-23,Sodertalje,,SWE,SWE,72,183,2007,NYR,6,17,168
356,Lars Eller,MTL,C,34,1989-05-08,Rodovre,,DNK,DNK,74,205,2007,STL,1,13,13
357,Wayne Simmonds,PHI,R,35,1988-08-26,Scarborough,ON,CAN,CAN,74,184,2007,L.A,2,31,61
358,Nick Holden,COL,D,36,1987-05-15,St. Albert,AB,CAN,CAN,76,210,-,-,-,-,-
359,Jason Demers,DAL,D,35,1988-06-09,Dorval,QC,CAN,CAN,73,195,2008,S.J,7,5,186
360,Micheal Haley,S.J,C,37,1986-03-30,Guelph,ON,CAN,CAN,71,213,-,-,-,-,-
361,Zack Smith,OTT,C,35,1988-04-05,Maple Creek,SK,CAN,CAN,74,208,2008,OTT,3,18,79
362,Jay Beagle,WSH,C,38,1985-10-16,Calgary,AB,CAN,CAN,75,210,-,-,-,-,-
363,Michael Kostka,OTT,D,38,1985-11-28,Etobicoke,ON,CAN,CAN,73,210,-,-,-,-,-
364,Bryan Lerg,S.J,C,37,1986-01-20,Livonia,MI,USA,USA,70,175,-,-,-,-,-
365,Jason Garrison,T.B,D,39,1984-11-13,White Rock,BC,CAN,CAN,73,218,-,-,-,-,-
366,Eric Selleck,ARI,L,36,1987-10-20,Brockville,ON,CAN,CAN,74,208,-,-,-,-,-
367,Drew Doughty,L.A,D,34,1989-12-08,London,ON,CAN,CAN,73,210,2008,L.A,1,2,2
368,Steven Stamkos,T.B,C,33,1990-02-07,Markham,ON,CAN,CAN,72,182,2008,T.B,1,1,1
369,Alex Pietrangelo,STL,D,33,1990-01-18,King City,ON,CAN,CAN,75,215,2008,STL,1,4,4
370,Zach Bogosian,BUF,D,33,1990-07-15,Massena,NY,USA,USA,74,222,2008,ATL,1,3,3
371,Luke Schenn,"L.A, PHI",D,34,1989-11-02,Saskatoon,SK,CAN,CAN,74,225,2008,TOR,1,5,5
372,Colin Wilson,NSH,"C, L",34,1989-10-20,Greenwich,CT,USA,USA,73,215,2008,NSH,1,7,7
373,Cody Hodgson,NSH,C,33,1990-02-18,Toronto,ON,CAN,CAN,72,191,2008,VAN,1,10,10
374,Mikkel Boedker,"ARI, COL",L,33,1989-12-16,Brondby,,DNK,DNK,72,207,2008,PHX,1,8,8
375,Josh Bailey,NYI,R,34,1989-10-02,Bowmanville,ON,CAN,CAN,73,200,2008,NYI,1,9,9
376,Tyler Myers,WPG,D,33,1990-02-01,Houston,TX,USA,CAN,80,229,2008,BUF,1,12,12
377,Joe Colborne,CGY,C,33,1990-01-30,Calgary,AB,CAN,CAN,77,221,2008,BOS,1,16,16
378,Erik Karlsson,OTT,D,33,1990-05-31,Landsbro,,SWE,SWE,72,190,2008,OTT,1,15,15
379,Luca Sbisa,VAN,D,33,1990-01-30,Ozieri,,ITA,CHE,74,206,2008,PHI,1,19,19
380,Jake Gardiner,TOR,D,33,1990-07-04,Minnetonka,MN,USA,USA,74,203,2008,ANA,1,17,17
381,Michael Del Zotto,PHI,D,33,1990-06-24,Stouffville,ON,CAN,CAN,72,195,2008,NYR,1,20,20
382,Jordan Eberle,EDM,"C, R",33,1990-05-15,Regina,SK,CAN,CAN,71,190,2008,EDM,1,22,22
383,Viktor Tikhonov,"ARI, CHI",R,35,1988-05-12,Riga,,LVA,RUS,74,189,2008,PHX,1,28,28
384,Tyler Ennis,BUF,"C, L",34,1989-10-06,Edmonton,AB,CAN,CAN,69,160,2008,BUF,1,26,26
385,John Carlson,WSH,D,33,1990-01-10,Natick,MA,USA,USA,75,215,2008,WSH,1,27,27
386,Cody Goloubef,CBJ,D,34,1989-11-30,Mississauga,ON,CAN,CAN,73,190,2008,CBJ,2,7,37
387,Roman Josi,NSH,D,33,1990-06-01,Bern,,CHE,CHE,73,201,2008,NSH,2,8,38
388,Justin Schultz,"EDM, PIT",D,33,1990-07-06,Kelowna,BC,CAN,CAN,74,190,2008,ANA,2,13,43
389,Aaron Ness,WSH,D,33,1990-05-18,Roseau,MN,USA,USA,70,184,2008,NYI,2,10,40
390,Patrick Wiercioch,OTT,D,33,1990-09-12,Burnaby,BC,CAN,CAN,77,202,2008,OTT,2,12,42
391,Zac Dalpe,MIN,C,34,1989-11-01,Paris,ON,CAN,CAN,74,197,2008,CAR,2,15,45
392,Travis Hamonic,NYI,D,33,1990-08-16,St. Malo,MB,CAN,CAN,73,200,2008,NYI,2,23,53
393,Derek Stepan,NYR,C,33,1990-06-18,Hastings,MN,USA,USA,71,196,2008,NYR,2,21,51
394,Patrice Cormier,WPG,C,33,1990-06-14,Moncton,NB,CAN,CAN,74,215,2008,N.J,2,24,54
395,Marco Scandella,MIN,D,33,1990-02-23,Montreal,QC,CAN,CAN,75,212,2008,MIN,2,25,55
396,Jimmy Hayes,BOS,R,34,1989-11-21,Dorchester,MA,USA,USA,77,215,2008,TOR,2,30,60
397,Jori Lehtera,STL,C,35,1987-12-23,Helsinki,,FIN,FIN,74,212,2008,STL,3,4,65
398,Michael Stone,ARI,D,33,1990-06-07,Winnipeg,MB,CAN,CAN,75,210,2008,PHX,3,8,69
399,Andrew Campbell,TOR,D,35,1988-02-04,Caledonia,ON,CAN,CAN,76,205,2008,L.A,3,13,74
400,Adam Henrique,N.J,C,33,1990-02-06,Brantford,ON,CAN,CAN,72,195,2008,N.J,3,21,82
401,Lance Bouma,CGY,C,33,1990-03-25,Provost,AB,CAN,CAN,74,208,2008,CGY,3,17,78
402,David Warsofsky,"N.J, PIT",D,33,1990-05-30,Marshfield,MA,USA,USA,69,170,2008,STL,4,4,95
403,Michal Jordan,CAR,D,33,1990-07-17,Zlin,,CZE,CZE,73,195,2008,CAR,4,14,105
404,Dale Weise,"CHI, MTL",R,35,1988-08-05,Winnipeg,MB,CAN,CAN,74,196,2008,NYR,4,20,111
405,TJ Brodie,CGY,D,33,1990-06-07,Chatham,ON,CAN,CAN,74,187,2008,CGY,4,23,114
406,Gustav Nyquist,DET,R,34,1989-09-01,Halmstad,,SWE,SWE,71,180,2008,DET,4,30,121
407,Derek Grant,CGY,C,33,1990-04-20,Abbotsford,BC,CAN,CAN,75,210,2008,OTT,4,28,119
408,Matt Calvert,CBJ,L,33,1989-12-24,Brandon,MB,CAN,CAN,71,186,2008,CBJ,5,6,127
409,Greg Pateryn,MTL,D,33,1990-06-20,Sterling Heights,MI,USA,USA,75,212,2008,TOR,5,7,128
410,Mark Borowiecki,OTT,D,34,1989-07-12,Ottawa,ON,CAN,CAN,74,204,2008,OTT,5,18,139
411,Brent Regner,FLA,D,34,1989-05-17,Westlock,AB,CAN,CAN,71,189,2008,CBJ,5,16,137
412,Matt Martin,NYI,L,34,1989-05-08,Windsor,ON,CAN,CAN,75,220,2008,NYI,5,27,148
413,Cam Atkinson,CBJ,R,34,1989-06-05,Riverside,CT,USA,USA,68,176,2008,CBJ,6,6,157
414,Jared Spurgeon,MIN,D,34,1989-11-29,Edmonton,AB,CAN,CAN,69,166,2008,NYI,6,5,156
415,Mark Barberio,MTL,D,33,1990-03-23,Montreal,QC,CAN,CAN,73,200,2008,T.B,6,1,152
416,Luke Witkowski,T.B,D,33,1990-04-14,Holland,MI,USA,USA,74,210,2008,T.B,6,9,160
417,Ben Smith,"S.J, TOR",R,35,1988-07-11,Winston-Salem,NC,USA,USA,71,203,2008,CHI,6,18,169
418,Zac Rinaldo,BOS,C,33,1990-06-15,Mississauga,ON,CAN,CAN,70,192,2008,PHI,6,27,178
419,Tommy Wingels,S.J,C,35,1988-04-12,Evanston,IL,USA,USA,72,200,2008,S.J,6,26,177
420,Zach Redmond,COL,D,35,1988-07-26,Traverse City,MI,USA,USA,74,212,2008,ATL,7,3,184
421,Sean Collins,WSH,C,34,1988-12-29,Saskatoon,SK,CAN,CAN,73,198,2008,CBJ,7,6,187
422,Matt Bartkowski,VAN,D,35,1988-06-04,Pittsburgh,PA,USA,USA,73,201,2008,FLA,7,9,190
423,Dalton Prout,CBJ,D,33,1990-03-13,Kingsville,ON,CAN,CAN,75,215,2010,CBJ,6,4,154
424,Jordie Benn,DAL,D,36,1987-07-26,Victoria,BC,CAN,CAN,74,201,-,-,-,-,-
425,Antoine Roussel,DAL,L,34,1989-11-21,Roubaix,,FRA,FRA,71,200,-,-,-,-,-
426,Brandon Mashinter,CHI,L,35,1988-09-20,Bradford,ON,CAN,CAN,76,212,-,-,-,-,-
427,Tyler Johnson,T.B,C,33,1990-07-29,Spokane,WA,USA,USA,68,185,-,-,-,-,-
428,Mike Hoffman,OTT,L,34,1989-11-24,Kitchener,ON,CAN,CAN,72,190,2009,OTT,5,9,130
429,Matt Taormina,T.B,D,37,1986-10-20,Warren,MI,USA,USA,70,188,-,-,-,-,-
430,Tyler Bozak,TOR,C,37,1986-03-19,Regina,SK,CAN,CAN,73,187,-,-,-,-,-
431,Zach Sill,WSH,C,35,1988-05-24,Truro,NS,CAN,CAN,72,214,-,-,-,-,-
432,Jordan Schroeder,MIN,C,33,1990-09-29,Lakeville,MN,USA,USA,69,170,2009,VAN,1,22,22
433,Marcus Johansson,WSH,L,33,1990-10-06,Landskrona,,SWE,SWE,73,203,2009,WSH,1,24,24
434,Jordan Caron,STL,R,33,1990-11-02,Sayabec,QC,CAN,CAN,75,204,2009,BOS,1,25,25
435,Kyle Palmieri,N.J,R,32,1991-02-01,Smithtown,NY,USA,USA,71,198,2009,ANA,1,26,26
436,Dylan Olsen,FLA,D,32,1991-01-03,Salt Lake City,UT,USA,CAN,74,223,2009,CHI,1,28,28
437,Simon Despres,ANA,D,32,1991-07-27,Laval,QC,CAN,CAN,76,218,2009,PIT,1,30,30
438,Landon Ferraro,"BOS, DET",C,32,1991-08-08,Trail,BC,CAN,CAN,72,173,2009,DET,2,2,32
439,Ryan O'Reilly,BUF,C,32,1991-02-07,Clinton,ON,CAN,CAN,73,207,2009,COL,2,3,33
440,Kyle Clifford,L.A,L,32,1991-01-13,Ayr,ON,CAN,CAN,74,217,2009,L.A,2,5,35
441,Chris Brown,WSH,R,32,1991-02-03,Flower Mound,TX,USA,USA,74,188,2009,PHX,2,6,36
442,Alex Chiasson,OTT,R,33,1990-10-01,Montreal,QC,CAN,CAN,76,208,2009,DAL,2,8,38
443,Jakob Silfverberg,ANA,R,33,1990-10-13,Gävle,,SWE,SWE,73,207,2009,OTT,2,9,39
444,Anton Lander,EDM,C,32,1991-04-24,Sundsvall,,SWE,SWE,72,184,2009,EDM,2,10,40
445,John Tavares,NYI,C,33,1990-09-20,Mississauga,ON,CAN,CAN,73,216,2009,NYI,1,1,1
446,Victor Hedman,T.B,D,32,1990-12-18,Ornskoldsvik,,SWE,SWE,79,244,2009,T.B,1,2,2
447,Matt Duchene,COL,C,32,1991-01-16,Haliburton,ON,CAN,CAN,71,195,2009,COL,1,3,3
448,Evander Kane,BUF,L,32,1991-08-02,Vancouver,BC,CAN,CAN,74,210,2009,ATL,1,4,4
449,Brayden Schenn,PHI,C,32,1991-08-22,Saskatoon,SK,CAN,CAN,73,199,2009,L.A,1,5,5
450,Oliver Ekman-Larsson,ARI,D,32,1991-07-17,Karlskrona,,SWE,SWE,74,200,2009,PHX,1,6,6
451,Nazem Kadri,TOR,C,33,1990-10-06,London,ON,CAN,CAN,72,185,2009,TOR,1,7,7
452,Jared Cowen,OTT,D,32,1991-01-25,Saskatoon,SK,CAN,CAN,77,238,2009,OTT,1,9,9
453,Magnus Paajarvi,STL,L,32,1991-04-12,Norrkoping,,SWE,SWE,75,206,2009,EDM,1,10,10
454,Ryan Ellis,NSH,D,32,1991-01-03,Hamilton,ON,CAN,CAN,70,180,2009,NSH,1,11,11
455,Calvin de Haan,NYI,D,32,1991-05-09,Carp,ON,CAN,CAN,73,195,2009,NYI,1,12,12
456,Zack Kassian,EDM,R,32,1991-01-24,Windsor,ON,CAN,CAN,75,211,2009,BUF,1,13,13
457,Dmitry Kulikov,FLA,D,33,1990-10-29,Lipetsk,,RUS,RUS,73,201,2009,FLA,1,14,14
458,Peter Holland,TOR,C,32,1991-01-14,Toronto,ON,CAN,CAN,74,193,2009,ANA,1,15,15
459,Nick Leddy,NYI,D,32,1991-03-20,Eden Prairie,MN,USA,USA,72,205,2009,MIN,1,16,16
460,David Rundblad,CHI,D,33,1990-10-08,Lycksele,,SWE,SWE,74,187,2009,STL,1,17,17
461,Chris Kreider,NYR,L,32,1991-04-30,Boxford,MA,USA,USA,75,230,2009,NYR,1,19,19
462,Jacob Josefson,N.J,C,32,1991-03-02,Stockholm,,SWE,SWE,72,196,2009,N.J,1,20,20
463,John Moore,N.J,D,33,1990-11-19,Winnetka,IL,USA,USA,75,207,2009,CBJ,1,21,21
464,Brayden McNabb,L.A,D,32,1991-01-21,Davidson,SK,CAN,CAN,76,215,2009,BUF,3,5,66
465,Reilly Smith,FLA,R,32,1991-04-01,Toronto,ON,CAN,CAN,73,185,2009,DAL,3,8,69
466,Taylor Beck,NYI,L,32,1991-05-13,St. Catharines,ON,CAN,CAN,74,203,2009,NSH,3,9,70
467,Tomas Tatar,DET,L,33,1990-12-01,Ilava,,SVK,SVK,70,173,2009,DET,2,30,60
468,Philip Samuelsson,ARI,D,32,1991-07-26,Leksand,,SWE,SWE,74,194,2009,PIT,2,31,61
469,Tyson Barrie,COL,D,32,1991-07-26,Victoria,BC,CAN,CAN,71,197,2009,COL,3,3,64
470,Eric Gelinas,"COL, N.J",D,32,1991-05-08,Vanier,ON,CAN,CAN,76,215,2009,N.J,2,24,54
471,Dmitry Orlov,WSH,D,32,1991-07-23,Novokuznetsk,,RUS,RUS,71,214,2009,WSH,2,25,55
472,Brandon Pirri,"ANA, FLA",R,32,1991-04-10,Toronto,ON,CAN,CAN,72,180,2009,CHI,2,29,59
473,Stefan Elliott,"ARI, NSH",D,32,1991-01-30,Vancouver,BC,CAN,CAN,73,190,2009,COL,2,19,49
474,Brian Dumoulin,PIT,D,32,1991-09-06,Biddeford,ME,USA,USA,76,207,2009,CAR,2,21,51
475,Richard Panik,CHI,R,32,1991-02-07,Martin,,SVK,SVK,73,203,2009,T.B,2,22,52
476,Drew Shore,CGY,C,32,1991-01-29,Denver,CO,USA,USA,75,209,2009,FLA,2,14,44
477,Mattias Ekholm,NSH,D,33,1990-05-24,Borlange,,SWE,SWE,76,215,2009,NSH,4,11,102
478,Marcus Foligno,BUF,L,32,1991-08-10,Buffalo,NY,USA,CAN,75,226,2009,BUF,4,13,104
479,Sami Vatanen,ANA,D,32,1991-06-03,Jyväskylä,,FIN,FIN,70,185,2009,ANA,4,15,106
480,Linden Vey,VAN,R,32,1991-07-17,Wakaw,SK,CAN,CAN,72,189,2009,L.A,4,5,96
481,Craig Smith,NSH,R,34,1989-09-05,Madison,WI,USA,USA,72,204,2009,NSH,4,7,98
482,Chris Wideman,OTT,D,33,1990-01-07,St. Louis,MO,USA,USA,70,181,2009,OTT,4,9,100
483,Casey Cizikas,NYI,C,32,1991-02-27,Toronto,ON,CAN,CAN,71,190,2009,NYI,4,1,92
484,David Savard,CBJ,D,33,1990-10-22,St. Hyacinthe,QC,CAN,CAN,73,235,2009,CBJ,4,3,94
485,Nicolas Deslauriers,BUF,L,32,1991-02-22,LaSalle,QC,CAN,CAN,73,220,2009,L.A,3,23,84
486,Cody Eakin,DAL,C,32,1991-05-24,Winnipeg,MB,CAN,CAN,72,196,2009,WSH,3,24,85
487,Kevin Connauton,"ARI, CBJ",D,33,1990-02-23,Edmonton,AB,CAN,CAN,74,205,2009,VAN,3,22,83
488,Michael Latta,WSH,C,32,1991-05-25,Kitchener,ON,CAN,CAN,72,188,2009,NSH,3,11,72
489,Andrej Nestrasil,CAR,C,32,1991-02-22,Prague,,CZE,CZE,75,200,2009,DET,3,14,75
490,Garrett Wilson,FLA,L,32,1991-03-16,Barrie,ON,CAN,CAN,74,218,2009,FLA,4,16,107
491,Corban Knight,FLA,C,33,1990-09-10,Oliver,BC,CAN,CAN,74,195,2009,FLA,5,14,135
492,Gabriel Bourque,NSH,L,33,1990-09-23,Rimouski,QC,CAN,CAN,70,206,2009,NSH,5,11,132
493,Seth Helgeson,N.J,D,33,1990-10-08,Faribault,MN,USA,USA,76,219,2009,N.J,4,23,114
494,Byron Froese,TOR,C,32,1991-03-12,Winkler,MB,CAN,CAN,73,202,2009,CHI,4,28,119
495,Ben Chiarot,WPG,D,32,1991-05-09,Hamilton,ON,CAN,CAN,75,232,2009,ATL,4,29,120
496,Erik Haula,MIN,"C, L",32,1991-03-23,Pori,,FIN,FIN,71,191,2009,MIN,7,1,182
497,Tyler Randell,BOS,R,32,1991-06-15,Scarborough,ON,CAN,CAN,73,198,2009,BOS,6,25,176
498,Curtis McKenzie,DAL,L,32,1991-02-22,Golden,BC,CAN,CAN,74,205,2009,DAL,6,8,159
499,Anders Lee,NYI,L,33,1990-07-03,Edina,MN,USA,USA,75,235,2009,NYI,6,1,152
500,Phil Varone,"BUF, OTT",C,33,1990-12-04,Vaughan,ON,CAN,CAN,70,193,2009,S.J,5,26,147
501,Marcus Kruger,CHI,C,33,1990-05-27,Stockholm,,SWE,SWE,72,186,2009,CHI,5,28,149
502,Jordan Nolan,L.A,C,34,1989-06-23,"Garden River, First Nations",ON,CAN,CAN,75,219,2009,L.A,7,5,186
503,Nic Dowd,L.A,C,33,1990-05-27,Huntsville,AL,USA,USA,73,193,2009,L.A,7,17,198
504,Craig Cunningham,ARI,L,33,1990-09-13,Trail,BC,CAN,CAN,70,184,2010,BOS,4,7,97
505,Brandon Manning,PHI,D,33,1990-06-04,Prince George,BC,CAN,CAN,73,205,-,-,-,-,-
506,Brenden Dillon,S.J,D,33,1990-11-13,New Westminster,BC,CAN,CAN,76,224,-,-,-,-,-
507,Andrew Agozzino,COL,L,32,1991-01-03,Kleinburg,ON,CAN,CAN,70,187,-,-,-,-,-
508,Radko Gudas,PHI,D,33,1990-06-05,Prague,,CZE,CZE,72,208,2010,T.B,3,6,66
509,Ryan Stanton,WSH,D,34,1989-07-20,St. Albert,AB,CAN,CAN,73,205,-,-,-,-,-
510,Nate Prosser,MIN,D,37,1986-05-07,Elk River,MN,USA,USA,74,201,-,-,-,-,-
511,Matt Irwin,BOS,D,36,1987-11-29,Victoria,BC,CAN,CAN,74,200,-,-,-,-,-
512,Brandon Bollig,CGY,L,36,1987-01-31,St. Charles,MO,USA,USA,74,220,-,-,-,-,-
513,Dave Dziurzynski,OTT,L,34,1989-10-06,Lloydminster,AB,CAN,CAN,75,224,-,-,-,-,-
514,Christopher Tanev,VAN,D,33,1989-12-20,Toronto,ON,CAN,CAN,74,193,-,-,-,-,-
515,Mats Zuccarello,NYR,R,36,1987-09-01,Oslo,,NOR,NOR,68,181,-,-,-,-,-
516,Calle Jarnkrok,NSH,C,32,1991-09-25,Gävle,,SWE,SWE,72,192,2010,DET,2,21,51
517,Oscar Lindberg,NYR,C,32,1991-10-29,Skellefteå,,SWE,SWE,73,202,2010,PHX,2,27,57
518,Martin Marincin,TOR,D,31,1992-02-18,Kosice,,SVK,SVK,77,217,2010,EDM,2,16,46
519,Jason Zucker,MIN,L,31,1992-01-16,Newport Beach,CA,USA,USA,71,192,2010,MIN,2,29,59
520,Tyler Toffoli,L.A,C,31,1992-04-24,Scarborough,ON,CAN,CAN,72,203,2010,L.A,2,17,47
521,Ryan Spooner,BOS,C,31,1992-01-30,Ottawa,ON,CAN,CAN,70,191,2010,BOS,2,15,45
522,Johan Larsson,BUF,C,31,1992-07-25,Lau,,SWE,SWE,71,206,2010,MIN,2,26,56
523,Stephen Johns,DAL,D,31,1992-04-18,Ellwood City,PA,USA,USA,76,225,2010,CHI,2,30,60
524,Greg McKegg,FLA,C,31,1992-06-17,St. Thomas,ON,CAN,CAN,72,195,2010,TOR,3,2,62
525,Connor Brickley,FLA,C,31,1992-02-25,Everett,MA,USA,USA,72,203,2010,FLA,2,20,50
526,Jordan Weal,"L.A, PHI",C,31,1992-04-15,North Vancouver,BC,CAN,CAN,70,181,2010,L.A,3,10,70
527,Evgeny Kuznetsov,WSH,C,31,1992-05-19,Chelyabinsk,,RUS,RUS,74,207,2010,WSH,1,26,26
528,Charlie Coyle,MIN,C,31,1992-03-02,E. Weymouth,MA,USA,USA,75,223,2010,S.J,1,28,28
529,Patrik Nemeth,DAL,D,31,1992-02-08,Stockholm,,SWE,SWE,76,230,2010,DAL,2,11,41
530,Christian Thomas,"ARI, MTL",L,31,1992-05-26,Toronto,ON,CAN,CAN,69,175,2010,NYR,2,10,40
531,Jon Merrill,N.J,D,31,1992-02-03,Oklahoma City,OK,USA,USA,75,204,2010,N.J,2,8,38
532,Justin Faulk,CAR,D,31,1992-03-20,South St.Paul,MN,USA,USA,72,214,2010,CAR,2,7,37
533,Brock Nelson,NYI,C,32,1991-10-15,Warroad,MN,USA,USA,76,210,2010,NYI,1,30,30
534,Alex Petrovic,FLA,D,31,1992-03-03,Edmonton,AB,CAN,CAN,76,220,2010,FLA,2,6,36
535,John McFarland,FLA,L,31,1992-04-02,Richmond Hill,ON,CAN,CAN,72,211,2010,FLA,2,3,33
536,Brett Bulmer,MIN,R,31,1992-04-26,Prince George,BC,CAN,CAN,76,212,2010,MIN,2,9,39
537,Devante Smith-Pelly,"MTL, N.J",R,31,1992-06-14,Scarborough,ON,CAN,CAN,72,223,2010,ANA,2,12,42
538,Brandon Gormley,COL,D,31,1992-02-18,Murray River,PE,CAN,CAN,74,188,2010,PHX,1,13,13
539,Nick Bjugstad,FLA,C,31,1992-07-17,Minneapolis,MN,USA,USA,78,209,2010,FLA,1,19,19
540,Beau Bennett,PIT,R,32,1991-11-27,Gardena,CA,USA,USA,74,195,2010,PIT,1,20,20
541,Derek Forbort,L.A,D,31,1992-03-04,Duluth,MN,USA,USA,76,208,2010,L.A,1,15,15
542,Kevin Hayes,NYR,C,31,1992-05-08,Dorchester,MA,USA,USA,77,216,2010,CHI,1,24,24
543,Cam Fowler,ANA,D,32,1991-12-05,Windsor,ON,CAN,USA,74,215,2010,ANA,1,12,12
544,Vladimir Tarasenko,STL,R,32,1991-12-13,Yaroslavl,,RUS,RUS,73,228,2010,STL,1,16,16
545,Austin Watson,NSH,L,31,1992-01-13,Ann Arbor,MI,USA,USA,76,204,2010,NSH,1,18,18
546,Jaden Schwartz,STL,L,31,1992-06-25,Wilcox,SK,CAN,CAN,70,185,2010,STL,1,14,14
547,Quinton Howden,FLA,C,31,1992-01-21,Winnipeg,MB,CAN,CAN,74,189,2010,FLA,1,25,25
548,Emerson Etem,"NYR, VAN",L,31,1992-06-16,Long Beach,CA,USA,USA,73,212,2010,ANA,1,29,29
549,Riley Sheahan,DET,C,32,1991-12-07,St. Catharines,ON,CAN,CAN,74,214,2010,DET,1,21,21
550,Petter Granberg,NSH,D,31,1992-08-27,Gallivare,,SWE,SWE,75,200,2010,TOR,4,26,116
551,Tye McGinn,T.B,L,33,1990-07-29,Fergus,ON,CAN,CAN,75,218,2010,PHI,4,29,119
552,Chris Wagner,"ANA, COL",C,32,1991-05-27,Walpole,MA,USA,USA,72,192,2010,ANA,5,2,122
553,Morgan Ellis,MTL,D,31,1992-04-30,Summerside,PE,CAN,CAN,73,211,2010,MTL,4,27,117
554,Jeff Skinner,CAR,L,31,1992-05-16,Toronto,ON,CAN,CAN,71,197,2010,CAR,1,7,7
555,Zach Hyman,TOR,C,31,1992-06-09,Toronto,ON,CAN,CAN,73,211,2010,FLA,5,3,123
556,Alexander Burmistrov,WPG,C,32,1991-10-21,Kazan,,RUS,RUS,73,180,2010,ATL,1,8,8
557,Erik Gudbranson,FLA,D,31,1992-01-07,Ottawa,ON,CAN,CAN,77,222,2010,FLA,1,3,3
558,Taylor Hall,EDM,L,32,1991-11-14,Calgary,AB,CAN,CAN,73,210,2010,EDM,1,1,1
559,Brett Connolly,BOS,R,31,1992-05-02,Campbell River,BC,CAN,CAN,75,198,2010,T.B,1,6,6
560,Ryan Johansen,"CBJ, NSH",C,31,1992-07-31,Vancouver,BC,CAN,CAN,75,218,2010,CBJ,1,4,4
561,Tyler Seguin,DAL,C,31,1992-01-31,Brampton,ON,CAN,CAN,73,205,2010,BOS,1,2,2
562,Dylan McIlrath,NYR,D,31,1992-04-20,Winnipeg,MB,CAN,CAN,77,232,2010,NYR,1,10,10
563,Mark Pysyk,BUF,D,31,1992-01-11,Sherwood Park,AB,CAN,CAN,73,198,2010,BUF,1,23,23
564,Jarred Tinordi,"ARI, MTL",D,31,1992-02-20,Burnsville,MN,USA,USA,78,229,2010,MTL,1,22,22
565,Mikael Granlund,MIN,C,31,1992-02-26,Oulu,,FIN,FIN,70,185,2010,MIN,1,9,9
566,Nino Niederreiter,MIN,R,31,1992-09-08,Chur,,CHE,CHE,74,218,2010,NYI,1,5,5
567,Teemu Pulkkinen,DET,L,31,1992-01-02,Vantaa,,FIN,FIN,70,185,2010,DET,4,21,111
568,Joakim Nordstrom,CAR,L,31,1992-02-25,Stockholm,,SWE,SWE,73,194,2010,CHI,3,30,90
569,Michael Chaput,CBJ,C,31,1992-04-09,Ile Bizard,QC,CAN,CAN,74,199,2010,PHI,3,29,89
570,Bryan Rust,PIT,R,31,1992-05-11,Pontiac,MI,USA,USA,71,192,2010,PIT,3,20,80
571,Julian Melchiori,WPG,D,32,1991-12-06,Richmond Hill,ON,CAN,CAN,77,222,2010,ATL,3,27,87
572,Stanislav Galiev,WSH,R,31,1992-01-17,Moscow,,RUS,RUS,73,197,2010,WSH,3,26,86
573,Joonas Donskoi,S.J,R,31,1992-04-13,Raahe,,FIN,FIN,72,185,2010,FLA,4,9,99
574,John Ramage,CBJ,D,32,1991-02-07,Mississauga,ON,CAN,CAN,72,188,2010,CGY,4,13,103
575,Tom Kuhnhackl,PIT,R,31,1992-01-21,Landshut,,DEU,DEU,74,196,2010,PIT,4,20,110
576,Alex Friesen,VAN,C,32,1991-01-30,St. Catharines,ON,CAN,CAN,69,186,2010,VAN,6,22,172
577,Sam Carrick,TOR,C,31,1992-02-04,Markham,ON,CAN,CAN,72,200,2010,TOR,5,24,144
578,Kenny Agostino,CGY,L,31,1992-04-30,Morristown,NJ,USA,USA,72,204,2010,PIT,5,20,140
579,Brendan Gallagher,MTL,R,31,1992-05-06,Edmonton,AB,CAN,CAN,69,186,2010,MTL,5,27,147
580,Jesper Fast,NYR,R,32,1991-12-02,Nassjo,,SWE,SWE,73,191,2010,NYR,6,7,157
581,Kevin Gravel,L.A,D,31,1992-03-06,Kingsford,MI,USA,USA,76,205,2010,L.A,5,28,148
582,Anthony Bitetto,NSH,D,33,1990-07-15,Island Park,NY,USA,USA,73,222,2010,NSH,6,18,168
583,Brandon Davidson,EDM,D,32,1991-08-21,Taber,AB,CAN,CAN,74,204,2010,EDM,6,12,162
584,Freddie Hamilton,CGY,C,31,1992-01-01,Toronto,ON,CAN,CAN,73,195,2010,S.J,5,9,129
585,Zach Trotman,BOS,D,33,1990-08-26,Carmel,IN,USA,USA,75,217,2010,BOS,7,30,210
586,John Klingberg,DAL,D,31,1992-08-14,Gothenburg,,SWE,SWE,75,190,2010,DAL,5,11,131
587,Micheal Ferland,CGY,L,31,1992-04-20,Swan River,MB,CAN,CAN,74,217,2010,CGY,5,13,133
588,Mark Stone,OTT,R,31,1992-05-13,Winnipeg,MB,CAN,CAN,75,217,2010,OTT,6,28,178
589,Marek Hrivik,NYR,L,32,1991-08-28,Cadca,,SVK,SVK,74,197,-,-,-,-,-
590,Michael Sgarbossa,ANA,C,31,1992-07-25,Campbellville,ON,CAN,CAN,72,179,-,-,-,-,-
591,Brody Sutter,CAR,C,32,1991-09-26,Viking,AB,CAN,CAN,77,203,2011,CAR,7,12,193
592,Ben Street,COL,C,36,1987-02-13,Coquitlam,BC,CAN,CAN,71,190,-,-,-,-,-
593,Mark Arcobello,TOR,R,35,1988-08-12,Milford,CT,USA,USA,68,174,-,-,-,-,-
594,Ryan Garbutt,"ANA, CHI",C,38,1985-08-12,Edmonton,AB,CAN,CAN,72,195,-,-,-,-,-
595,Kael Mouillierat,PIT,L,36,1987-12-09,Edmonton,AB,CAN,CAN,72,188,-,-,-,-,-
596,Harry Zolnierczyk,ANA,L,36,1987-09-01,Toronto,ON,CAN,CAN,71,180,-,-,-,-,-
597,Taylor Fedun,VAN,D,35,1988-06-04,Edmonton,AB,CAN,CAN,73,200,-,-,-,-,-
598,Matt Read,PHI,R,37,1986-06-14,Ilderton,ON,CAN,CAN,70,188,-,-,-,-,-
599,Kevan Miller,BOS,D,36,1987-11-15,Los Angeles,CA,USA,USA,74,210,-,-,-,-,-
600,Paul Thompson,N.J,R,35,1988-11-30,Methuen,MA,USA,USA,73,200,-,-,-,-,-
601,Mike Sislo,N.J,R,35,1988-01-20,Superior,WI,USA,USA,71,190,-,-,-,-,-
602,Justin Fontaine,MIN,R,36,1987-11-06,Bonnyville,AB,CAN,CAN,70,174,-,-,-,-,-
603,Jyrki Jokipakka,"CGY, DAL",D,32,1991-08-20,Tampere,,FIN,FIN,75,215,2011,DAL,7,14,195
604,Ryan Dzingel,OTT,L,31,1992-03-09,Wheaton,IL,USA,USA,72,190,2011,OTT,7,23,204
605,Alexey Marchenko,DET,D,31,1992-01-02,Moscow,,RUS,RUS,75,210,2011,DET,7,24,205
606,Ondrej Palat,T.B,L,32,1991-03-28,Frydek-Mistek,,CZE,CZE,72,194,2011,T.B,7,27,208
607,Scott Wilson,PIT,L,31,1992-04-24,Oakville,ON,CAN,CAN,71,177,2011,PIT,7,28,209
608,Nikita Nesterov,T.B,D,30,1993-03-28,Chelyabinsk,,RUS,RUS,71,191,2011,T.B,5,27,148
609,Frank Corrado,TOR,D,30,1993-03-26,Toronto,ON,CAN,CAN,72,205,2011,VAN,5,29,150
610,Josh Manson,ANA,D,32,1991-10-07,Hinsdale,IL,USA,CAN,75,218,2011,ANA,6,9,160
611,Max McCormick,OTT,R,31,1992-05-01,De Pere,WI,USA,USA,71,188,2011,OTT,6,20,171
612,Josh Archibald,PIT,R,31,1992-10-06,Regina,SK,CAN,CAN,70,176,2011,PIT,6,23,174
613,Dylan DeMelo,S.J,D,30,1993-05-01,London,ON,CAN,CAN,72,195,2011,S.J,6,28,179
614,Iiro Pakarinen,EDM,R,32,1991-08-25,Loviisa,,FIN,FIN,73,212,2011,FLA,7,3,184
615,Tyler Graovac,MIN,C,30,1993-04-27,Brampton,ON,CAN,CAN,77,208,2011,MIN,7,10,191
616,Johnny Gaudreau,CGY,L,30,1993-08-13,Salem,NJ,USA,USA,69,165,2011,CGY,4,13,104
617,Michael Mersch,L.A,L,31,1992-10-02,Park Ridge,IL,USA,USA,74,215,2011,L.A,4,19,110
618,Tobias Rieder,ARI,R,30,1993-01-10,Landshut,,DEU,DEU,71,189,2011,EDM,4,23,114
619,Fredrik Claesson,OTT,D,31,1992-11-24,Stockholm,,SWE,SWE,73,196,2011,OTT,5,5,126
620,Blake Pietila,N.J,L,30,1993-02-20,Milford,MI,USA,USA,71,200,2011,N.J,5,8,129
621,Darren Dietz,MTL,D,30,1993-07-17,Medicine Hat,AB,CAN,CAN,73,201,2011,MTL,5,17,138
622,Andrew Shaw,CHI,C,32,1991-07-20,Belleville,ON,CAN,CAN,71,182,2011,CHI,5,18,139
623,Max Friberg,ANA,R,31,1992-11-20,Skovde,,SWE,SWE,71,200,2011,ANA,5,22,143
624,Shane Prince,"NYI, OTT",L,31,1992-11-16,Rochester,NY,USA,USA,71,193,2011,OTT,2,31,61
625,Andrey Pedan,VAN,D,30,1993-07-03,Kaunas,,LTU,LTU,77,213,2011,NYI,3,2,63
626,Vincent Trocheck,FLA,C,30,1993-07-11,Pittsburgh,PA,USA,USA,71,184,2011,FLA,3,3,64
627,Adam Lowry,WPG,C,30,1993-03-29,St. Louis,MO,USA,USA,78,208,2011,WPG,3,6,67
628,Nick Cousins,PHI,C,30,1993-07-20,Belleville,ON,CAN,CAN,71,192,2011,PHI,3,7,68
629,Michael Paliotta,CBJ,D,30,1993-04-06,Westport,CT,USA,USA,76,207,2011,CHI,3,9,70
630,Logan Shaw,FLA,C,31,1992-10-05,Glace Bay,NS,CAN,CAN,75,208,2011,FLA,3,15,76
631,Daniel Catenacci,BUF,C,30,1993-03-09,Richmond Hill,ON,CAN,CAN,70,193,2011,BUF,3,16,77
632,Klas Dahlbeck,ARI,D,32,1991-07-06,Katrineholm,,SWE,SWE,75,207,2011,CHI,3,18,79
633,Andy Andreoff,L.A,L,32,1991-05-17,Pickering,ON,CAN,CAN,73,208,2011,L.A,3,19,80
634,Nick Shore,L.A,C,31,1992-09-26,Denver,CO,USA,USA,73,198,2011,L.A,3,21,82
635,Alan Quine,NYI,C,30,1993-02-25,Belleville,ON,CAN,CAN,72,203,2013,NYI,6,15,166
636,Josh Leivo,TOR,L,30,1993-05-26,Innisfil,ON,CAN,CAN,74,192,2011,TOR,3,25,86
637,Alexandre Grenier,VAN,R,32,1991-09-05,Laval,QC,CAN,CAN,77,200,2011,VAN,3,29,90
638,Kyle Rau,FLA,C,31,1992-10-24,Eden Prairie,MN,USA,USA,69,171,2011,FLA,3,30,91
639,Jean-Gabriel Pageau,OTT,C,31,1992-11-11,Ottawa,ON,CAN,CAN,71,185,2011,OTT,4,5,96
640,Mike Reilly,MIN,D,30,1993-07-13,Chicago,IL,USA,USA,73,196,2011,CBJ,4,7,98
641,Reid Boucher,N.J,C,30,1993-09-08,Lansing,MI,USA,USA,70,195,2011,N.J,4,8,99
642,Ty Rattie,STL,R,30,1993-02-05,Calgary,AB,CAN,CAN,71,183,2011,STL,2,2,32
643,Rocco Grimaldi,FLA,C,30,1993-02-08,Anaheim,CA,USA,USA,66,180,2011,FLA,2,3,33
644,Scott Mayfield,NYI,D,31,1992-10-14,St. Louis,MO,USA,USA,77,220,2011,NYI,2,4,34
645,Tomas Jurco,DET,L,30,1992-12-28,Kosice,,SVK,SVK,74,197,2011,DET,2,5,35
646,Adam Clendening,"EDM, PIT",D,31,1992-10-26,Niagara Falls,NY,USA,USA,72,194,2011,CHI,2,6,36
647,Boone Jenner,CBJ,C,30,1993-06-15,Dorchester,ON,CAN,CAN,74,203,2011,CBJ,2,7,37
648,Alex Khokhlachev,BOS,C,30,1993-09-09,Moscow,,RUS,RUS,70,181,2011,BOS,2,10,40
649,Dmitrij Jaskin,STL,R,30,1993-03-23,Omsk,,RUS,CZE,74,216,2011,STL,2,11,41
650,Victor Rask,CAR,C,30,1993-03-01,Leksand,,SWE,SWE,74,199,2011,CAR,2,12,42
651,Brandon Saad,CBJ,L,31,1992-10-27,Pittsburgh,PA,USA,USA,73,215,2011,CHI,2,13,43
652,Brett Ritchie,DAL,R,30,1993-07-01,Orangeville,ON,CAN,CAN,76,215,2011,DAL,2,14,44
653,Markus Granlund,"CGY, VAN",C,30,1993-04-16,Oulu,,FIN,FIN,72,180,2011,CGY,2,15,45
654,Joel Edmundson,STL,D,30,1993-06-28,Brandon,MB,CAN,CAN,77,221,2011,STL,2,16,46
655,Matt Nieto,S.J,L,31,1992-11-05,Long Beach,CA,USA,USA,71,187,2011,S.J,2,17,47
656,Xavier Ouellet,DET,D,30,1993-07-29,Bayonne,,FRA,FRA,72,197,2011,DET,2,18,48
657,Miikka Salomaki,NSH,R,30,1993-03-09,Raahe,,FIN,FIN,71,203,2011,NSH,2,22,52
658,William Karlsson,CBJ,C,30,1993-01-08,Marsta,,SWE,SWE,72,190,2011,ANA,2,23,53
659,Scott Harrington,TOR,D,30,1993-03-10,Kingston,ON,CAN,CAN,74,204,2011,PIT,2,24,54
660,Lucas Lessio,MTL,L,30,1993-01-23,Maple,ON,CAN,CAN,73,212,2011,PHX,2,26,56
661,Tyler Wotherspoon,CGY,D,30,1993-03-12,Burnaby,BC,CAN,CAN,74,207,2011,CGY,2,27,57
662,Nikita Kucherov,T.B,R,30,1993-06-17,Maykop,,RUS,RUS,71,181,2011,T.B,2,28,58
663,Ryan Nugent-Hopkins,EDM,C,30,1993-04-12,Burnaby,BC,CAN,CAN,72,195,2011,EDM,1,1,1
664,Gabriel Landeskog,COL,L,31,1992-11-23,Stockholm,,SWE,SWE,73,215,2011,COL,1,2,2
665,Jonathan Huberdeau,FLA,L,30,1993-06-04,Saint-Jerome,QC,CAN,CAN,73,200,2011,FLA,1,3,3
666,Adam Larsson,N.J,D,31,1992-11-12,Skellefteå,,SWE,SWE,75,209,2011,N.J,1,4,4
667,Ryan Strome,NYI,"C, R",30,1993-07-11,Mississauga,ON,CAN,CAN,73,191,2011,NYI,1,5,5
668,Mika Zibanejad,OTT,C,30,1993-04-18,Huddinge,,SWE,SWE,74,202,2011,OTT,1,6,6
669,Mark Scheifele,WPG,C,30,1993-03-15,Kitchener,ON,CAN,CAN,75,198,2011,WPG,1,7,7
670,Sean Couturier,PHI,C,31,1992-12-07,Phoenix,AZ,USA,CAN,75,211,2011,PHI,1,8,8
671,Dougie Hamilton,CGY,D,30,1993-06-17,Toronto,ON,CAN,CAN,78,230,2011,BOS,1,9,9
672,Jonas Brodin,MIN,D,30,1993-07-12,Karlstad,,SWE,SWE,74,196,2011,MIN,1,10,10
673,Ryan Murphy,CAR,D,30,1993-03-31,Aurora,ON,CAN,CAN,71,175,2011,CAR,1,12,12
674,Sven Baertschi,VAN,L,31,1992-10-05,Bern,,CHE,CHE,71,190,2011,CGY,1,13,13
675,Jamie Oleksiak,DAL,D,30,1992-12-21,Toronto,ON,CAN,CAN,79,257,2011,DAL,1,14,14
676,J.T. Miller,NYR,L,30,1993-03-14,East Palestine,OH,USA,USA,73,218,2011,NYR,1,15,15
677,Joel Armia,WPG,R,30,1993-05-31,Pori,,FIN,FIN,75,216,2011,BUF,1,16,16
678,Nathan Beaulieu,MTL,D,31,1992-12-05,Strathroy,ON,CAN,CAN,74,200,2011,MTL,1,17,17
679,Mark McNeill,CHI,C,30,1993-02-22,Langley,BC,CAN,CAN,74,214,2011,CHI,1,18,18
680,Oscar Klefbom,EDM,D,30,1993-07-20,Karlstad,,SWE,SWE,75,216,2011,EDM,1,19,19
681,Connor Murphy,ARI,D,30,1993-03-26,Dublin,OH,USA,USA,76,212,2011,PHX,1,20,20
682,Stefan Noesen,ANA,R,30,1993-02-12,Plano,TX,USA,USA,73,205,2011,OTT,1,21,21
683,Joe Morrow,BOS,D,31,1992-12-09,Edmonton,AB,CAN,CAN,72,196,2011,PIT,1,23,23
684,Matt Puempel,OTT,L,30,1993-01-24,Windsor,ON,CAN,CAN,73,205,2011,OTT,1,24,24
685,Stuart Percy,TOR,D,30,1993-05-18,Oakville,ON,CAN,CAN,73,187,2011,TOR,1,25,25
686,Phillip Danault,"CHI, MTL",L,30,1993-02-24,Victoriaville,QC,CAN,CAN,73,200,2011,CHI,1,26,26
687,Vladislav Namestnikov,T.B,C,31,1992-11-22,Zhukovskiy,,RUS,RUS,72,179,2011,T.B,1,27,27
688,Rickard Rakell,ANA,C,30,1993-05-05,Sundbyberg,,SWE,SWE,73,195,2011,ANA,1,30,30
689,Seth Griffith,BOS,C,30,1993-01-04,Wallaceburg,ON,CAN,CAN,69,190,2012,BOS,5,10,131
690,Turner Elson,CGY,C,31,1992-09-13,New Westminster,BC,CAN,CAN,72,193,-,-,-,-,-
691,Colin Miller,BOS,D,31,1992-10-29,Sault Ste. Marie,ON,CAN,CAN,73,200,2012,L.A,5,30,151
692,Jonathan Marchessault,T.B,C,32,1990-12-27,Cap-Rouge,QC,CAN,CAN,69,183,-,-,-,-,-
693,Kurtis Gabriel,MIN,R,30,1993-04-20,Newmarket,ON,CAN,CAN,76,212,2013,MIN,3,20,81
694,Barclay Goodrow,S.J,R,30,1993-02-26,Toronto,ON,CAN,CAN,74,204,-,-,-,-,-
695,Cole Schneider,BUF,L,33,1990-08-26,Williamsville,NY,USA,USA,73,199,-,-,-,-,-
696,Bobby Farnham,"N.J, PIT",R,34,1989-01-21,North Andover,MA,USA,USA,70,190,-,-,-,-,-
697,Brian O'Neill,N.J,R,35,1988-06-01,Yardley,PA,USA,USA,69,175,-,-,-,-,-
698,Brad Hunt,EDM,D,35,1988-08-24,Maple Ridge,BC,CAN,CAN,69,177,-,-,-,-,-
699,Torey Krug,BOS,D,32,1991-04-12,Livonia,MI,USA,USA,69,194,-,-,-,-,-
700,J.T. Brown,T.B,R,33,1990-07-02,Burnsville,MN,USA,USA,70,182,-,-,-,-,-
701,Matt Tennyson,S.J,D,33,1990-04-23,Minneapolis,MN,USA,USA,74,205,-,-,-,-,-
702,Brian Flynn,MTL,C,35,1988-07-26,Lynnfield,MA,USA,USA,73,185,-,-,-,-,-
703,Jeremy Welsh,STL,C,35,1988-04-30,Bayfield,ON,CAN,CAN,75,210,-,-,-,-,-
704,Luke Glendening,DET,C,34,1989-04-28,Grand Rapids,MI,USA,USA,71,190,-,-,-,-,-
705,Yanni Gourde,T.B,C,32,1991-12-15,Saint-Narcisse,QC,CAN,CAN,69,174,-,-,-,-,-
706,Ryan Murray,CBJ,D,30,1993-09-27,Regina,SK,CAN,CAN,73,206,2012,CBJ,1,2,2
707,Alex Galchenyuk,MTL,C,29,1994-02-12,Milwaukee,WI,USA,USA,73,194,2012,MTL,1,3,3
708,Griffin Reinhart,EDM,D,29,1994-01-24,North Vancouver,BC,CAN,CAN,76,212,2012,NYI,1,4,4
709,Morgan Rielly,TOR,D,29,1994-03-09,Vancouver,BC,CAN,CAN,73,222,2012,TOR,1,5,5
710,Hampus Lindholm,ANA,D,29,1994-01-20,Helsingborg,,SWE,SWE,76,215,2012,ANA,1,6,6
711,Nail Yakupov,EDM,R,30,1993-10-06,Nizhnekamsk,,RUS,RUS,71,195,2012,EDM,1,1,1
712,Matt Dumba,MIN,D,29,1994-07-25,Regina,SK,CAN,CAN,72,181,2012,MIN,1,7,7
713,Phillip Di Giuseppe,CAR,L,30,1993-10-09,Toronto,ON,CAN,CAN,72,193,2012,CAR,2,8,38
714,Brendan Gaunce,VAN,C,29,1994-03-25,Sudbury,ON,CAN,CAN,75,219,2012,VAN,1,26,26
715,Brady Skjei,NYR,D,29,1994-03-26,Lakeville,MN,USA,USA,75,210,2012,NYR,1,28,28
716,Stefan Matteau,"MTL, N.J",C,29,1994-02-23,Chicago,IL,USA,USA,74,208,2012,N.J,1,29,29
717,Tanner Pearson,L.A,L,31,1992-08-10,Kitchener,ON,CAN,CAN,73,201,2012,L.A,1,30,30
718,Scott Laughton,PHI,C,29,1994-05-30,Oakville,ON,CAN,CAN,73,190,2012,PHI,1,20,20
719,Olli Maatta,PIT,D,29,1994-08-22,Jyväskylä,,FIN,FIN,74,207,2012,PIT,1,22,22
720,Michael Matheson,FLA,D,29,1994-02-27,Pointe-Claire,QC,CAN,CAN,74,193,2012,FLA,1,23,23
721,Zemgus Girgensons,BUF,C,29,1994-01-05,Riga,,LVA,LVA,74,200,2012,BUF,1,14,14
722,Cody Ceci,OTT,D,29,1993-12-21,Ottawa,ON,CAN,CAN,74,210,2012,OTT,1,15,15
723,Tom Wilson,WSH,R,29,1994-03-29,Toronto,ON,CAN,CAN,76,220,2012,WSH,1,16,16
724,Tomas Hertl,S.J,C,30,1993-11-12,Praha,,CZE,CZE,75,215,2012,S.J,1,17,17
725,Teuvo Teravainen,CHI,L,29,1994-09-11,Helsinki,,FIN,FIN,71,191,2012,CHI,1,18,18
726,Derrick Pouliot,PIT,D,29,1994-01-16,Estevan,SK,CAN,CAN,72,196,2012,PIT,1,8,8
727,Jacob Trouba,WPG,D,29,1994-02-26,Rochester,MI,USA,USA,75,203,2012,WPG,1,9,9
728,Slater Koekkoek,T.B,D,29,1994-02-18,Winchester,ON,CAN,CAN,74,193,2012,T.B,1,10,10
729,Filip Forsberg,NSH,L,29,1994-08-13,Ostervala,,SWE,SWE,73,205,2012,WSH,1,11,11
730,Mikhail Grigorenko,COL,C,29,1994-05-16,Khabarovsk,,RUS,RUS,75,206,2012,BUF,1,12,12
731,Radek Faksa,DAL,C,29,1994-01-09,Vitkov,,CZE,CZE,75,225,2012,DAL,1,13,13
732,Patrick Sieloff,CGY,D,29,1994-05-15,Ann Arbor,MI,USA,USA,73,205,2012,CGY,2,12,42
733,Colton Parayko,STL,D,30,1993-05-12,St. Albert,AB,CAN,CAN,78,228,2012,STL,3,25,86
734,Brendan Leipsic,TOR,L,29,1994-05-19,Winnipeg,MB,CAN,CAN,70,180,2012,NSH,3,28,89
735,Oskar Sundqvist,PIT,C,29,1994-03-23,Boden,,SWE,SWE,75,220,2012,PIT,3,20,81
736,Esa Lindell,DAL,D,29,1994-05-23,Vantaa,,FIN,FIN,75,220,2012,DAL,3,13,74
737,Chandler Stephenson,WSH,C,29,1994-04-22,Saskatoon,SK,CAN,CAN,72,209,2012,WSH,3,16,77
738,Shayne Gostisbehere,PHI,D,30,1993-04-20,Pembroke Pines,FL,USA,USA,71,180,2012,PHI,3,17,78
739,Scott Kosmachuk,WPG,R,29,1994-01-24,Richmond Hill,ON,CAN,CAN,71,185,2012,WPG,3,9,70
740,Devin Shore,DAL,C,29,1994-07-19,Ajax,ON,CAN,CAN,73,206,2012,DAL,2,31,61
741,Jujhar Khaira,EDM,L,29,1994-08-13,Surrey,BC,CAN,CAN,76,212,2012,EDM,3,2,63
742,Adam Pelech,NYI,D,29,1994-08-16,Toronto,ON,CAN,CAN,75,210,2012,NYI,3,4,65
743,Chris Tierney,S.J,C,29,1994-07-01,Keswick,ON,CAN,CAN,73,191,2012,S.J,2,25,55
744,Jordan Martinook,ARI,L,31,1992-07-25,Brandon,MB,CAN,CAN,72,196,2012,PHX,2,28,58
745,Damon Severson,N.J,D,29,1994-08-07,Melville,SK,CAN,CAN,74,205,2012,N.J,2,30,60
746,Colton Sissons,NSH,C,30,1993-11-05,North Vancouver,BC,CAN,CAN,73,200,2012,NSH,2,20,50
747,Jake McCabe,BUF,D,30,1993-10-12,Eau Claire,WI,USA,USA,73,204,2012,BUF,2,14,44
748,Brock McGinn,CAR,L,29,1994-02-02,Fergus,ON,CAN,CAN,72,187,2012,CAR,2,17,47
749,Connor Carrick,"TOR, WSH",D,29,1994-04-13,Orland Park,IL,USA,USA,70,198,2012,WSH,5,16,137
750,Brendan Woods,CAR,L,31,1992-06-11,Humboldt,SK,CAN,CAN,76,210,2012,CAR,5,8,129
751,Charles Hudon,MTL,L,29,1994-06-23,Alma,QC,CAN,CAN,70,190,2012,MTL,5,1,122
752,Trevor Carrick,CAR,D,29,1994-07-04,Stouffville,ON,CAN,CAN,74,171,2012,CAR,4,24,115
753,Taylor Leier,PHI,L,29,1994-02-15,Saskatoon,SK,CAN,CAN,71,180,2012,PHI,4,26,117
754,Jaccob Slavin,CAR,D,29,1994-05-01,Denver,CO,USA,USA,75,207,2012,CAR,4,29,120
755,Andreas Athanasiou,DET,C,29,1994-08-06,London,ON,CAN,CAN,74,190,2012,DET,4,19,110
756,Brett Kulak,CGY,D,29,1994-01-06,Edmonton,AB,CAN,CAN,73,197,2012,CGY,4,14,105
757,Cedric Paquette,T.B,C,30,1993-08-13,Gaspe,QC,CAN,CAN,72,205,2012,T.B,4,10,101
758,Erik Gustafsson,CHI,D,31,1992-03-14,Nynashamn,,SWE,SWE,72,197,2012,EDM,4,2,93
759,Josh Anderson,CBJ,R,29,1994-05-07,Burlington,ON,CAN,CAN,75,218,2012,CBJ,4,4,95
760,Petteri Lindbohm,STL,D,30,1993-09-23,Helsinki,,FIN,FIN,75,198,2012,STL,6,25,176
761,Vinnie Hinostroza,CHI,L,29,1994-04-03,Chicago,IL,USA,USA,70,183,2012,CHI,6,18,169
762,Christoph Bertschy,MIN,C,29,1994-04-05,Fribourg,,CHE,CHE,70,185,2012,MIN,6,7,158
763,Joseph Blandisi,N.J,L,29,1994-07-18,Markham,ON,CAN,CAN,72,184,2012,COL,6,11,162
764,Connor Brown,TOR,R,29,1994-01-14,Toronto,ON,CAN,CAN,72,181,2012,TOR,6,5,156
765,Ben Hutton,VAN,D,30,1993-04-20,Brockville,ON,CAN,CAN,75,201,2012,VAN,5,26,147
766,Viktor Loov,TOR,D,31,1992-11-16,Sodertalje,,SWE,SWE,73,216,2012,TOR,7,28,209
767,JC Lipon,WPG,R,30,1993-07-10,Regina,SK,CAN,CAN,72,183,2013,WPG,3,30,91
768,Jayson Megna,NYR,C,33,1990-02-01,Fort Lauderdale,FL,USA,USA,73,195,-,-,-,-,-
769,Andrej Sustr,T.B,D,33,1990-11-29,Plzen,,CZE,CZE,79,217,-,-,-,-,-
770,Buddy Robinson,OTT,R,32,1991-09-30,Bellmawr,NJ,USA,USA,78,232,-,-,-,-,-
771,Tim Schaller,BUF,C,33,1990-11-16,Merrimack,NH,USA,USA,74,204,-,-,-,-,-
772,Danny DeKeyser,DET,D,33,1990-03-07,Detroit,MI,USA,USA,75,183,-,-,-,-,-
773,Nate Schmidt,WSH,D,32,1991-07-16,St. Cloud,MN,USA,USA,72,195,-,-,-,-,-
774,Chad Ruhwedel,BUF,D,33,1990-05-07,San Diego,CA,USA,USA,71,191,-,-,-,-,-
775,Andrew Miller,EDM,C,35,1988-09-18,Bloomfield Hills,MI,USA,USA,70,181,-,-,-,-,-
776,Michael Raffl,PHI,L,35,1988-12-01,Villach,,AUT,AUT,73,205,-,-,-,-,-
777,Viktor Svedberg,CHI,D,32,1991-05-24,Gothenburg,,SWE,SWE,80,238,-,-,-,-,-
778,Joel Vermin,T.B,R,31,1992-02-05,Bern,,CHE,CHE,71,192,2013,T.B,7,5,186
779,Hudson Fasching,BUF,R,28,1995-07-28,Milwaukee,WI,USA,USA,75,204,2013,L.A,4,27,118
780,Mattias Janmark,DAL,C,31,1992-12-08,Stockholm,,SWE,SWE,73,205,2013,DET,3,18,79
781,Anthony Duclair,ARI,L,28,1995-08-26,Pointe-Claire,QC,CAN,CAN,71,197,2013,NYR,3,19,80
782,Sven Andrighetto,MTL,R,30,1993-03-21,Zurich,,CHE,CHE,70,188,2013,MTL,3,25,86
783,Anton Slepyshev,EDM,L,29,1994-05-13,Penza,,RUS,RUS,74,221,2013,EDM,3,27,88
784,Oliver Bjorkstrand,CBJ,R,28,1995-04-10,Herning,,DNK,DNK,72,175,2013,CBJ,3,28,89
785,Miles Wood,N.J,L,28,1995-09-13,Buffalo,NY,USA,USA,74,195,2013,N.J,4,9,100
786,Nick Paul,OTT,L,28,1995-03-20,Mississauga,ON,CAN,CAN,75,223,2013,DAL,4,10,101
787,Tobias Lindberg,TOR,R,28,1995-07-22,Stockholm,,SWE,SWE,75,215,2013,OTT,4,11,102
788,Andrew Copp,WPG,C,29,1994-07-08,Ann Arbor,MI,USA,USA,73,199,2013,WPG,4,13,104
789,Ben Harpur,OTT,D,28,1995-01-12,Hamilton,ON,CAN,CAN,78,231,2013,OTT,4,17,108
790,Andre Burakovsky,WSH,L,28,1995-02-09,Klagenfurt,,AUT,SWE,75,209,2013,WSH,1,23,23
791,Hunter Shinkaruk,"CGY, VAN",C,29,1994-10-13,Calgary,AB,CAN,CAN,70,181,2013,VAN,1,24,24
792,Michael McCarron,MTL,R,28,1995-03-07,Grosse Pointe,MI,USA,USA,78,232,2013,MTL,1,25,25
793,Shea Theodore,ANA,D,28,1995-08-03,Langley,BC,CAN,CAN,74,197,2013,ANA,1,26,26
794,Marko Dano,"CHI, WPG",C,29,1994-11-30,Eisenstadt,,AUT,SVK,71,201,2013,CBJ,1,27,27
795,Jason Dickinson,DAL,C,28,1995-07-04,Georgetown,ON,CAN,CAN,74,200,2013,DAL,1,29,29
796,Ryan Hartman,CHI,L,29,1994-09-20,Hilton Head Isl.,SC,USA,USA,72,197,2013,CHI,1,30,30
797,Chris Bigras,COL,D,28,1995-02-22,Orillia,ON,CAN,CAN,73,191,2013,COL,2,2,32
798,Jacob De La Rose,MTL,L,28,1995-05-20,Arvika,,SWE,SWE,75,215,2013,MTL,2,4,34
799,Laurent Dauphin,ARI,C,28,1995-03-27,Repentigny,QC,CAN,CAN,72,186,2013,PHX,2,9,39
800,Steven Santini,N.J,D,28,1995-03-07,Bronxville,NY,USA,USA,74,209,2013,N.J,2,12,42
801,Nic Petan,WPG,L,28,1995-03-22,Delta,BC,CAN,CAN,69,175,2013,WPG,2,13,43
802,Gustav Olofsson,MIN,D,29,1994-12-01,Boras,,SWE,SWE,74,199,2013,MIN,2,16,46
803,Justin Bailey,BUF,R,28,1995-07-01,Buffalo,NY,USA,USA,76,214,2013,BUF,2,22,52
804,Emile Poirier,CGY,L,29,1994-12-14,Montreal,QC,CAN,CAN,74,196,2013,CGY,1,22,22
805,Brett Pesce,CAR,D,29,1994-11-15,Tarrytown,NY,USA,USA,75,206,2013,CAR,3,5,66
806,Nathan MacKinnon,COL,C,28,1995-09-01,Halifax,NS,CAN,CAN,72,200,2013,COL,1,1,1
807,Aleksander Barkov,FLA,C,28,1995-09-02,Tampere,,FIN,FIN,75,215,2013,FLA,1,2,2
808,Jonathan Drouin,T.B,L,28,1995-03-28,Ste-Agathe,QC,CAN,CAN,71,198,2013,T.B,1,3,3
809,Seth Jones,"CBJ, NSH",D,29,1994-10-03,Arlington,TX,USA,USA,76,213,2013,NSH,1,4,4
810,Elias Lindholm,CAR,C,29,1994-12-02,Boden,,SWE,SWE,73,202,2013,CAR,1,5,5
811,Sean Monahan,CGY,C,29,1994-10-12,Brampton,ON,CAN,CAN,74,196,2013,CGY,1,6,6
812,Darnell Nurse,EDM,D,28,1995-02-04,Hamilton,ON,CAN,CAN,76,221,2013,EDM,1,7,7
813,Rasmus Ristolainen,BUF,D,29,1994-10-27,Turku,,FIN,FIN,76,221,2013,BUF,1,8,8
814,Bo Horvat,VAN,C,28,1995-04-05,London,ON,CAN,CAN,72,215,2013,VAN,1,9,9
815,Valeri Nichushkin,DAL,R,28,1995-03-04,Chelyabinsk,,RUS,RUS,76,210,2013,DAL,1,10,10
816,Max Domi,ARI,L,28,1995-03-02,Winnipeg,MB,CAN,CAN,70,194,2013,PHX,1,12,12
817,Josh Morrissey,WPG,D,28,1995-03-28,Calgary,AB,CAN,CAN,72,185,2013,WPG,1,13,13
818,Alexander Wennberg,CBJ,C,29,1994-09-22,Stockholm,,SWE,SWE,74,190,2013,CBJ,1,14,14
819,Ryan Pulock,NYI,D,29,1994-10-06,Dauphin,MB,CAN,CAN,74,216,2013,NYI,1,15,15
820,Nikita Zadorov,COL,D,28,1995-04-16,Moscow,,RUS,RUS,78,248,2013,BUF,1,16,16
821,Curtis Lazar,OTT,C,28,1995-02-02,Salmon Arm,BC,CAN,CAN,72,203,2013,OTT,1,17,17
822,Mirco Mueller,S.J,D,28,1995-03-21,Winterthur,,CHE,CHE,75,210,2013,S.J,1,18,18
823,Kerby Rychel,CBJ,L,29,1994-10-07,Torrance,CA,USA,CAN,73,213,2013,CBJ,1,19,19
824,Anthony Mantha,DET,R,29,1994-09-16,Longueuil,QC,CAN,CAN,77,234,2013,DET,1,20,20
825,Frederik Gauthier,TOR,C,28,1995-04-26,Laval,QC,CAN,CAN,77,239,2013,TOR,1,21,21
826,Ross Johnston,NYI,L,29,1994-02-18,Charlottetown,PE,CAN,CAN,77,230,-,-,-,-,-
827,Sergey Tolchinsky,CAR,L,28,1995-02-03,Moscow,,RUS,RUS,68,170,-,-,-,-,-
828,Ronalds Kenins,VAN,L,32,1991-02-28,Riga,,LVA,LVA,72,201,-,-,-,-,-
829,Josh Jooris,CGY,R,33,1990-07-14,Burlington,ON,CAN,CAN,73,198,-,-,-,-,-
830,Rinat Valiev,TOR,D,28,1995-05-11,Nizhnekamsk,,ROU,RUS,75,215,2014,TOR,3,8,68
831,Tyler Gaudet,ARI,C,30,1993-04-04,Hamilton,ON,CAN,CAN,75,217,-,-,-,-,-
832,Joel Hanley,MTL,D,32,1991-06-08,Keswick,ON,CAN,CAN,71,190,-,-,-,-,-
833,Michael Zalewski,VAN,L,31,1992-08-18,New Hartford,NY,USA,USA,74,205,-,-,-,-,-
834,Conor Sheary,PIT,L,31,1992-06-08,Winchester,MA,USA,USA,69,179,-,-,-,-,-
835,Trevor van Riemsdyk,CHI,D,32,1991-07-24,Middletown,NJ,USA,USA,75,191,-,-,-,-,-
836,Ryan Carpenter,S.J,C,32,1991-01-18,Oviedo,FL,USA,USA,73,198,-,-,-,-,-
837,Christian Folin,MIN,D,32,1991-02-09,Gothenburg,,SWE,SWE,75,204,-,-,-,-,-
838,Jordan Oesterle,EDM,D,31,1992-06-25,Dearborn Heights,MI,USA,USA,72,187,-,-,-,-,-
839,Patrick Brown,CAR,C,31,1992-05-29,Bloomfield Hills,MI,USA,USA,73,210,-,-,-,-,-
840,Daniel Carr,MTL,L,32,1991-11-01,Sherwood Park,AB,CAN,CAN,72,186,-,-,-,-,-
841,Dennis Everberg,COL,R,31,1991-12-31,Vasteras,,SWE,SWE,76,205,-,-,-,-,-
842,Garnet Hathaway,CGY,R,32,1991-11-23,Kennebunkport,ME,USA,USA,75,208,-,-,-,-,-
843,Borna Rendulic,COL,R,31,1992-03-25,Zagreb,,HRV,HRV,74,200,-,-,-,-,-
844,Melker Karlsson,S.J,C,33,1990-07-18,Lycksele,,SWE,SWE,72,180,-,-,-,-,-
845,Michael Keranen,MIN,L,33,1990-01-04,Stockholm,,SWE,FIN,73,170,-,-,-,-,-
846,Dennis Rasmussen,CHI,C,33,1990-07-03,Vasteras,,SWE,SWE,75,192,-,-,-,-,-
847,Pierre-Edouard Bellemare,PHI,L,38,1985-03-06,Le Blanc-Mesnil,,FRA,FRA,71,198,-,-,-,-,-
848,Tomas Nosek,DET,L,31,1992-09-01,Pardubice,,CZE,CZE,75,205,-,-,-,-,-
849,Aaron Ekblad,FLA,D,27,1996-02-07,Windsor,ON,CAN,CAN,76,215,2014,FLA,1,1,1
850,Sam Reinhart,BUF,C,28,1995-11-06,West Vancouver,BC,CAN,CAN,74,193,2014,BUF,1,2,2
851,Leon Draisaitl,EDM,C,28,1995-10-27,Cologne,,DEU,DEU,74,208,2014,EDM,1,3,3
852,Sam Bennett,CGY,C,27,1996-06-20,Holland Landing,ON,CAN,CAN,73,195,2014,CGY,1,4,4
853,Jake Virtanen,VAN,R,27,1996-08-17,New Westminster,BC,CAN,CAN,73,226,2014,VAN,1,6,6
854,William Nylander,TOR,C,27,1996-05-01,Calgary,AB,CAN,SWE,72,204,2014,TOR,1,8,8
855,Nikolaj Ehlers,WPG,L,27,1996-02-14,Aalborg,,DNK,DNK,72,169,2014,WPG,1,9,9
856,Nick Ritchie,ANA,L,28,1995-12-05,Orangeville,ON,CAN,CAN,75,236,2014,ANA,1,10,10
857,Kevin Fiala,NSH,L,27,1996-07-22,St. Gallen,,CHE,CHE,70,204,2014,NSH,1,11,11
858,Dylan Larkin,DET,C,27,1996-07-30,Waterford,MI,USA,USA,73,198,2014,DET,1,15,15
859,Sonny Milano,CBJ,L,27,1996-05-12,Massapequa,NY,USA,USA,72,194,2014,CBJ,1,16,16
860,Robby Fabbri,STL,C,27,1996-01-22,Mississauga,ON,CAN,CAN,71,185,2014,STL,1,21,21
861,Kasperi Kapanen,TOR,R,27,1996-07-23,Kuopio,,FIN,FIN,73,194,2014,PIT,1,22,22
862,Jared McCann,VAN,C,27,1996-05-31,Stratford,ON,CAN,CAN,73,191,2014,VAN,1,24,24
863,David Pastrnak,BOS,R,27,1996-05-25,Havirov,,CZE,CZE,73,195,2014,BOS,1,25,25
864,Nikolay Goldobin,S.J,R,28,1995-10-07,Moscow,,RUS,RUS,71,196,2014,S.J,1,27,27
865,Nikita Tryamkin,VAN,D,29,1994-08-30,Yekaterinburg,,RUS,RUS,79,265,2014,VAN,3,6,66
866,Brett Lernout,MTL,D,28,1995-09-24,Winnipeg,MB,CAN,CAN,76,214,2014,MTL,3,13,73
867,Chase De Leo,WPG,C,28,1995-10-25,La Mirada,CA,USA,USA,69,185,2014,WPG,4,9,99
868,Viktor Arvidsson,NSH,L,30,1993-04-08,Skellefteå,,SWE,SWE,70,185,2014,NSH,4,22,112
869,Jiri Sekac,"ANA, ARI, CHI",L,31,1992-06-10,Kladno,,CZE,CZE,73,185,-,-,-,-,-
870,Frank Vatrano,BOS,C,29,1994-03-14,East Longmeadow,MA,USA,USA,71,197,-,-,-,-,-
871,Nikita Soshnikov,TOR,R,30,1993-10-14,Nizhny Tagil,,RUS,RUS,71,190,-,-,-,-,-
872,Kyle Baun,CHI,R,31,1992-05-04,Toronto,ON,CAN,CAN,74,188,-,-,-,-,-
873,Noah Hanifin,CAR,D,26,1997-01-25,Boston,MA,USA,USA,75,207,2015,CAR,1,5,5
874,Pavel Zacha,N.J,C,26,1997-04-06,Brno,,CZE,CZE,76,199,2015,N.J,1,6,6
875,Connor McDavid,EDM,C,26,1997-01-13,Richmond Hill,ON,CAN,CAN,73,193,2015,EDM,1,1,1
876,Jack Eichel,BUF,C,27,1996-10-28,North Chelmsford,MA,USA,USA,74,207,2015,BUF,1,2,2
877,Mikko Rantanen,COL,R,27,1996-10-29,Nousiainen,,FIN,FIN,76,215,2015,COL,1,10,10
878,Oliver Kylington,CGY,D,26,1997-05-19,Stockholm,,SWE,SWE,72,183,2015,CGY,2,30,60
879,Daniel Sprong,PIT,R,26,1997-03-17,Amsterdam,,NLD,NLD,72,202,2015,PIT,2,16,46
880,Tanner Kero,CHI,C,31,1992-07-24,Hancock,MI,USA,USA,72,185,-,-,-,-,-
881,Markus Hannikainen,CBJ,L,30,1993-03-26,Helsinki,,FIN,FIN,73,200,-,-,-,-,-
882,Evan Rodrigues,BUF,L,30,1993-07-28,Toronto,ON,CAN,CAN,71,184,-,-,-,-,-
883,Artemi Panarin,CHI,L,32,1991-10-30,Korkino,,RUS,RUS,72,173,-,-,-,-,-
884,Andreas Martinsen,COL,L,33,1990-06-13,Bærum,,NOR,NOR,75,225,-,-,-,-,-
885,Jakub Nakladal,CGY,D,35,1987-12-30,Hradec Králové,,CZE,CZE,74,212,-,-,-,-,-
886,Evgeny Medvedev,PHI,D,41,1982-08-27,Chelyabinsk,,RUS,RUS,75,187,-,-,-,-,-
887,Joonas Kemppainen,BOS,C,35,1988-04-07,Kajaani,,FIN,FIN,75,223,-,-,-,-,-
888,Sergey Kalinin,N.J,C,32,1991-03-17,Omsk,,RUS,RUS,75,200,-,-,-,-,-
889,Dean Kukan,CBJ,D,30,1993-07-08,Volketswil,,CHE,CHE,74,190,-,-,-,-,-
890,Noel Acciari,BOS,C,32,1991-12-01,Johnston,RI,USA,USA,70,209,-,-,-,-,-
891,Vojtech Mozik,N.J,D,30,1992-12-26,Prague,,CZE,CZE,75,188,-,-,-,-,-
892,Derek Ryan,CAR,C,36,1986-12-29,Spokane,WA,USA,USA,70,185,-,-,-,-,-
893,Dominik Simon,PIT,C,29,1994-08-08,Prague,,CZE,CZE,71,190,2015,PIT,5,16,137
894,Sergei Plotnikov,"ARI, PIT",L,33,1990-06-03,Komsomolsk,,RUS,RUS,74,202,-,-,-,-,-
895,Ryan Johnston,MTL,D,31,1992-02-14,Sudbury,ON,CAN,CAN,70,180,-,-,-,-,-
896,Casey Nelson,BUF,D,31,1992-07-18,Wisconsin Rapids,WI,USA,USA,73,185,-,-,-,-,-
897,Brandon Tanev,WPG,L,31,1991-12-31,Toronto,ON,CAN,CAN,72,189,-,-,-,-,-
