,Player,Team,Position,Age,Date of Birth,Birth City,Birth State/Province,Birth Country,Nationality,Height (in),Weight (lbs),Draft Year,Draft Team,Draft Round,Round Pick,Overall Draft Position
0,Zdeno Chara,NYI,D,46,1977-03-18,Trencin,,SVK,SVK,81,250,1996,NYI,3,4,56
1,Joe Thornton,FLA,C,44,1979-07-02,London,ON,CAN,CAN,76,220,1997,BOS,1,1,1
2,Jason Spezza,TOR,C,40,1983-06-13,Toronto,ON,CAN,CAN,75,219,2001,OTT,1,2,2
3,Duncan Keith,EDM,D,40,1983-07-16,Winnipeg,MB,CAN,CAN,73,192,2002,CHI,2,24,54
4,Ryan Suter,DAL,D,38,1985-01-21,Madison,WI,USA,USA,73,205,2003,NSH,1,7,7
5,Jeff Carter,PIT,C,38,1985-01-01,London,ON,CAN,CAN,75,219,2003,PHI,1,11,11
6,Dustin Brown,L.A,"L, R",39,1984-11-04,Ithaca,NY,USA,USA,72,205,2003,L.A,1,13,13
7,Zach Parise,NYI,L,39,1984-07-28,Minneapolis,MN,USA,USA,71,195,2003,N.J,1,17,17
8,Ryan Getzlaf,ANA,C,38,1985-05-10,Regina,SK,CAN,CAN,76,220,2003,ANA,1,19,19
9,Brent Burns,S.J,D,38,1985-03-09,Barrie,ON,CAN,CAN,77,230,2003,MIN,1,20,20
10,Brian Boyle,PIT,C,38,1984-12-18,Hingham,MA,USA,USA,78,245,2003,L.A,1,26,26
11,Corey Perry,T.B,R,38,1985-05-16,Peterborough,ON,CAN,CAN,75,208,2003,ANA,1,28,28
12,Loui Eriksson,ARI,L,38,1985-07-17,Gothenburg,,SWE,SWE,74,179,2003,DAL,2,3,33
13,Patrice Bergeron,BOS,C,38,1985-07-24,Ancienne-Lorette,QC,CAN,CAN,73,196,2003,BOS,2,15,45
14,Brad Richardson,"CGY, VAN",R,38,1985-02-04,Belleville,ON,CAN,CAN,72,190,2003,COL,5,27,163
15,Nate Thompson,PHI,C,39,1984-10-05,Anchorage,AK,USA,USA,73,205,2003,BOS,6,16,183
16,Joe Pavelski,DAL,C,39,1984-07-11,Plover,WI,USA,USA,71,200,2003,S.J,7,8,205
17,Mark Giordano,"SEA, TOR",D,40,1983-10-03,Toronto,ON,CAN,CAN,72,205,-,-,-,-,-
18,Alex Ovechkin,WSH,L,38,1985-09-17,Moscow,,RUS,RUS,75,238,2004,WSH,1,1,1
19,Evgeni Malkin,PIT,C,37,1986-07-31,Magnitogorsk,,RUS,RUS,75,195,2004,PIT,1,2,2
20,Andrew Ladd,ARI,L,38,1985-12-12,Maple Ridge,BC,CAN,CAN,75,205,2004,CAR,1,4,4
21,Blake Wheeler,WPG,R,37,1986-08-31,Plymouth,MN,USA,USA,77,220,2004,PHX,1,5,5
22,Alexander Radulov,DAL,R,37,1986-07-05,Nizhny Tagil,,RUS,RUS,73,200,2004,NSH,1,15,15
23,Blake Comeau,DAL,L,37,1986-02-18,Meadow Lake,SK,CAN,CAN,73,200,2004,NYI,2,17,47
24,Alex Goligoski,MIN,D,38,1985-07-30,Grand Rapids,MN,USA,USA,71,173,2004,PIT,2,31,61
25,Andrej Sekera,DAL,D,37,1986-06-08,Bojnice,,SVK,SVK,72,200,2004,BUF,3,6,71
26,Alexander Edler,L.A,D,37,1986-04-21,Ostersund,,SWE,SWE,76,210,2004,VAN,3,26,91
27,Paul Stastny,WPG,C,37,1985-12-27,Quebec City,QC,CAN,USA,72,193,2005,COL,2,14,44
28,Sidney Crosby,PIT,C,36,1987-08-07,Cole Harbour,NS,CAN,CAN,71,200,2005,PIT,1,1,1
29,Jack Johnson,COL,D,36,1987-01-13,Indianapolis,IN,USA,USA,73,227,2005,CAR,1,3,3
30,Anze Kopitar,L.A,C,36,1987-08-24,Jesenice,,SVN,SVN,75,225,2005,L.A,1,11,11
31,Marc Staal,DET,D,36,1987-01-13,Thunder Bay,ON,CAN,CAN,76,208,2005,NYR,1,12,12
32,T.J. Oshie,WSH,R,36,1986-12-23,Everett,WA,USA,USA,72,187,2005,STL,1,24,24
33,Andrew Cogliano,"COL, S.J",C,36,1987-06-14,Toronto,ON,CAN,CAN,70,179,2005,EDM,1,25,25
34,James Neal,STL,L,36,1987-09-03,Whitby,ON,CAN,CAN,75,212,2005,DAL,2,3,33
35,Marc-Edouard Vlasic,S.J,D,36,1987-03-30,Montreal,QC,CAN,CAN,73,205,2005,S.J,2,5,35
36,Kris Letang,PIT,D,36,1987-04-24,Montreal,QC,CAN,CAN,72,201,2005,PIT,3,1,62
37,Kris Russell,EDM,D,36,1987-05-02,Caroline,AB,CAN,CAN,70,170,2005,CBJ,3,6,67
38,Keith Yandle,PHI,D,37,1986-09-09,Boston,MA,USA,USA,73,192,2005,PHX,4,14,105
39,Darren Helm,COL,C,36,1987-01-21,St. Andrews,MB,CAN,CAN,72,192,2005,DET,5,7,132
40,Ryan Reaves,NYR,R,36,1987-01-20,Winnipeg,MB,CAN,CAN,74,225,2005,STL,5,31,156
41,Anton Stralman,ARI,D,37,1986-08-01,Tibro,,SWE,SWE,71,193,2005,TOR,7,22,216
42,Patric Hornqvist,FLA,R,36,1987-01-01,Sollentuna,,SWE,SWE,71,189,2005,NSH,7,36,230
43,Andy Greene,NYI,D,41,1982-10-30,Trenton,MI,USA,USA,71,190,-,-,-,-,-
44,Alex Biega,TOR,D,35,1988-04-04,Montreal,QC,CAN,CAN,70,195,2006,BUF,5,24,147
45,Brad Marchand,BOS,L,35,1988-05-11,Halifax,NS,CAN,CAN,69,176,2006,BOS,3,8,71
46,Nick Foligno,BOS,L,36,1987-10-31,Buffalo,NY,USA,USA,72,210,2006,OTT,1,28,28
47,Erik Johnson,COL,D,35,1988-03-21,Bloomington,MN,USA,USA,76,225,2006,STL,1,1,1
48,Kyle Okposo,BUF,R,35,1988-04-16,St. Paul,MN,USA,USA,72,218,2006,NYI,1,7,7
49,Trevor Lewis,CGY,C,36,1987-01-08,Salt Lake City,UT,USA,USA,73,201,2006,L.A,1,17,17
50,Leo Komarov,NYI,R,36,1987-01-23,Narva,,EST,FIN,71,205,2006,TOR,6,27,180
51,Milan Lucic,CGY,L,35,1988-06-07,Vancouver,BC,CAN,CAN,75,240,2006,BOS,2,20,50
52,Cal Clutterbuck,NYI,R,36,1987-11-18,Welland,ON,CAN,CAN,72,212,2006,MIN,3,9,72
53,Jeff Petry,MTL,D,36,1987-12-09,Ann Arbor,MI,USA,USA,75,209,2006,EDM,2,15,45
54,Claude Giroux,"FLA, PHI","C, R",35,1988-01-12,Hearst,ON,CAN,CAN,71,190,2006,PHI,1,22,22
55,Jordan Staal,CAR,C,35,1988-09-10,Thunder Bay,ON,CAN,CAN,76,220,2006,PIT,1,2,2
56,Derick Brassard,"EDM, PHI",C,36,1987-09-22,Hull,QC,CAN,CAN,73,200,2006,CBJ,1,6,6
57,Phil Kessel,ARI,"C, R",36,1987-10-02,Madison,WI,USA,USA,71,208,2006,BOS,1,5,5
58,Nicklas Backstrom,WSH,C,36,1987-11-23,Gävle,,SWE,SWE,73,202,2006,WSH,1,4,4
59,Jonathan Toews,CHI,C,35,1988-04-29,Winnipeg,MB,CAN,CAN,74,201,2006,CHI,1,3,3
60,Mathieu Perreault,MTL,C,35,1988-01-05,Drummondville,QC,CAN,CAN,70,189,2006,WSH,6,24,177
61,Alex Killorn,T.B,"C, L",34,1989-09-14,Halifax,NS,CAN,CAN,73,194,2007,T.B,3,16,77
62,Jamie Benn,DAL,L,34,1989-07-18,Victoria,BC,CAN,CAN,74,205,2007,DAL,5,8,129
63,Nick Bonino,S.J,C,35,1988-04-20,Hartford,CT,USA,USA,73,195,2007,S.J,6,22,173
64,Ian Cole,CAR,D,34,1989-02-21,Ann Arbor,MI,USA,USA,73,225,2007,STL,1,18,18
65,Justin Braun,"NYR, PHI",D,36,1987-02-10,Minneapolis,MN,USA,USA,74,205,2007,S.J,7,20,201
66,Kevin Shattenkirk,ANA,D,34,1989-01-29,New Rochelle,NY,USA,USA,72,212,2007,COL,1,14,14
67,Pat Maroon,T.B,L,35,1988-04-23,St. Louis,MO,USA,USA,75,234,2007,PHI,6,10,161
68,James van Riemsdyk,PHI,L,34,1989-05-04,Middletown,NJ,USA,USA,75,208,2007,PHI,1,2,2
69,Paul Byron,MTL,L,34,1989-04-27,Ottawa,ON,CAN,CAN,69,164,2007,BUF,6,28,179
70,Sam Gagner,DET,C,34,1989-08-10,London,ON,CAN,CAN,71,201,2007,EDM,1,6,6
71,Logan Couture,S.J,C,34,1989-03-28,Guelph,ON,CAN,CAN,73,206,2007,S.J,1,9,9
72,P.K. Subban,N.J,D,34,1989-05-13,Toronto,ON,CAN,CAN,72,210,2007,MTL,2,13,43
73,Riley Nash,"ARI, T.B, WPG",C,34,1989-05-09,Consort,AB,CAN,CAN,74,188,2007,EDM,1,21,21
74,Thomas Hickey,NYI,D,34,1989-02-08,Calgary,AB,CAN,CAN,72,185,2007,L.A,1,4,4
75,Kyle Turris,EDM,C,34,1989-08-14,New Westminster,BC,CAN,CAN,73,190,2007,PHX,1,3,3
76,Brad Malone,EDM,C,34,1989-05-20,Miramichi,NB,CAN,CAN,74,217,2007,COL,4,14,105
77,Brendan Smith,CAR,D,34,1989-02-08,Mimico,ON,CAN,CAN,74,200,2007,DET,1,27,27
78,Colton Sceviour,EDM,C,34,1989-04-20,Red Deer,AB,CAN,CAN,72,190,2007,DAL,4,21,112
79,David Perron,STL,L,35,1988-05-28,Sherbrooke,QC,CAN,CAN,73,196,2007,STL,1,26,26
80,Patrick Kane,CHI,R,35,1988-11-19,Buffalo,NY,USA,USA,70,177,2007,CHI,1,1,1
81,Robert Bortuzzo,STL,D,34,1989-03-18,Thunder Bay,ON,CAN,CAN,76,216,2007,PIT,3,17,78
82,Evgenii Dadonov,VGK,R,34,1989-03-12,Chelyabinsk,,RUS,RUS,71,189,2007,FLA,3,10,71
83,Mikael Backlund,CGY,C,34,1989-03-17,Vasteras,,SWE,SWE,72,206,2007,CGY,1,24,24
84,Ryan McDonagh,T.B,D,34,1989-06-13,St. Paul,MN,USA,USA,73,215,2007,MTL,1,12,12
85,Max Pacioretty,VGK,L,35,1988-11-20,New Canaan,CT,USA,USA,74,217,2007,MTL,1,22,22
86,Jakub Voracek,CBJ,R,34,1989-08-15,Kladno,,CZE,CZE,74,216,2007,CBJ,1,7,7
87,Jake Muzzin,TOR,D,34,1989-02-21,Woodstock,ON,CAN,CAN,75,227,2007,PIT,5,20,141
88,Alec Martinez,VGK,D,36,1987-07-26,Rochester Hills,MI,USA,USA,73,210,2007,L.A,4,4,95
89,Carl Hagelin,WSH,L,35,1988-08-23,Sodertalje,,SWE,SWE,72,183,2007,NYR,6,17,168
90,Lars Eller,WSH,C,34,1989-05-08,Rodovre,,DNK,DNK,74,205,2007,STL,1,13,13
91,Wayne Simmonds,TOR,R,35,1988-08-26,Scarborough,ON,CAN,CAN,74,184,2007,L.A,2,31,61
92,Nick Holden,OTT,D,36,1987-05-15,St. Albert,AB,CAN,CAN,76,210,-,-,-,-,-
93,Jay Beagle,ARI,C,38,1985-10-16,Calgary,AB,CAN,CAN,75,210,-,-,-,-,-
94,Drew Doughty,L.A,D,34,1989-12-08,London,ON,CAN,CAN,73,210,2008,L.A,1,2,2
95,Steven Stamkos,T.B,C,33,1990-02-07,Markham,ON,CAN,CAN,72,182,2008,T.B,1,1,1
96,Alex Pietrangelo,VGK,D,33,1990-01-18,King City,ON,CAN,CAN,75,215,2008,STL,1,4,4
97,Zach Bogosian,T.B,D,33,1990-07-15,Massena,NY,USA,USA,74,222,2008,ATL,1,3,3
98,Luke Schenn,VAN,D,34,1989-11-02,Saskatoon,SK,CAN,CAN,74,225,2008,TOR,1,5,5
99,Josh Bailey,NYI,"C, R",34,1989-10-02,Bowmanville,ON,CAN,CAN,73,200,2008,NYI,1,9,9
100,Tyler Myers,VAN,D,33,1990-02-01,Houston,TX,USA,CAN,80,229,2008,BUF,1,12,12
101,Erik Karlsson,S.J,D,33,1990-05-31,Landsbro,,SWE,SWE,72,190,2008,OTT,1,15,15
102,Michael Del Zotto,OTT,D,33,1990-06-24,Stouffville,ON,CAN,CAN,72,195,2008,NYR,1,20,20
103,Jordan Eberle,SEA,"C, R",33,1990-05-15,Regina,SK,CAN,CAN,71,190,2008,EDM,1,22,22
104,Tyler Ennis,OTT,"C, R",34,1989-10-06,Edmonton,AB,CAN,CAN,69,160,2008,BUF,1,26,26
105,John Carlson,WSH,D,33,1990-01-10,Natick,MA,USA,USA,75,215,2008,WSH,1,27,27
106,Roman Josi,NSH,D,33,1990-06-01,Bern,,CHE,CHE,73,201,2008,NSH,2,8,38
107,Justin Schultz,WSH,D,33,1990-07-06,Kelowna,BC,CAN,CAN,74,190,2008,ANA,2,13,43
108,Zac Dalpe,FLA,C,34,1989-11-01,Paris,ON,CAN,CAN,74,197,2008,CAR,2,15,45
109,Travis Hamonic,"OTT, VAN",D,33,1990-08-16,St. Malo,MB,CAN,CAN,73,200,2008,NYI,2,23,53
110,Derek Stepan,CAR,C,33,1990-06-18,Hastings,MN,USA,USA,71,196,2008,NYR,2,21,51
111,Marco Scandella,STL,D,33,1990-02-23,Montreal,QC,CAN,CAN,75,212,2008,MIN,2,25,55
112,Michael Stone,CGY,D,33,1990-06-07,Winnipeg,MB,CAN,CAN,75,210,2008,PHX,3,8,69
113,Adam Henrique,ANA,C,33,1990-02-06,Brantford,ON,CAN,CAN,72,195,2008,N.J,3,21,82
114,TJ Brodie,TOR,D,33,1990-06-07,Chatham,ON,CAN,CAN,74,187,2008,CGY,4,23,114
115,Gustav Nyquist,CBJ,C,34,1989-09-01,Halmstad,,SWE,SWE,71,180,2008,DET,4,30,121
116,Derek Grant,ANA,C,33,1990-04-20,Abbotsford,BC,CAN,CAN,75,210,2008,OTT,4,28,119
117,Greg Pateryn,ANA,D,33,1990-06-20,Sterling Heights,MI,USA,USA,75,212,2008,TOR,5,7,128
118,Mark Borowiecki,NSH,D,34,1989-07-12,Ottawa,ON,CAN,CAN,74,204,2008,OTT,5,18,139
119,Matt Martin,NYI,L,34,1989-05-08,Windsor,ON,CAN,CAN,75,220,2008,NYI,5,27,148
120,Cam Atkinson,PHI,R,34,1989-06-05,Riverside,CT,USA,USA,68,176,2008,CBJ,6,6,157
121,Jared Spurgeon,MIN,D,34,1989-11-29,Edmonton,AB,CAN,CAN,69,166,2008,NYI,6,5,156
122,Luke Witkowski,DET,D,33,1990-04-14,Holland,MI,USA,USA,74,210,2008,T.B,6,9,160
123,Jordie Benn,MIN,D,36,1987-07-26,Victoria,BC,CAN,CAN,74,201,-,-,-,-,-
124,Antoine Roussel,ARI,L,34,1989-11-21,Roubaix,,FRA,FRA,71,200,-,-,-,-,-
125,Tyler Johnson,CHI,C,33,1990-07-29,Spokane,WA,USA,USA,68,185,-,-,-,-,-
126,Mike Hoffman,MTL,C,34,1989-11-24,Kitchener,ON,CAN,CAN,72,190,2009,OTT,5,9,130
127,Tyler Bozak,STL,C,37,1986-03-19,Regina,SK,CAN,CAN,73,187,-,-,-,-,-
128,Marcus Johansson,"SEA, WSH",L,33,1990-10-06,Landskrona,,SWE,SWE,73,203,2009,WSH,1,24,24
129,Kyle Palmieri,NYI,"C, R",32,1991-02-01,Smithtown,NY,USA,USA,71,198,2009,ANA,1,26,26
130,Ryan O'Reilly,STL,C,32,1991-02-07,Clinton,ON,CAN,CAN,73,207,2009,COL,2,3,33
131,Kyle Clifford,"STL, TOR",L,32,1991-01-13,Ayr,ON,CAN,CAN,74,217,2009,L.A,2,5,35
132,Alex Chiasson,VAN,R,33,1990-10-01,Montreal,QC,CAN,CAN,76,208,2009,DAL,2,8,38
133,Jakob Silfverberg,ANA,R,33,1990-10-13,Gävle,,SWE,SWE,73,207,2009,OTT,2,9,39
134,John Tavares,TOR,C,33,1990-09-20,Mississauga,ON,CAN,CAN,73,216,2009,NYI,1,1,1
135,Victor Hedman,T.B,D,32,1990-12-18,Ornskoldsvik,,SWE,SWE,79,244,2009,T.B,1,2,2
136,Matt Duchene,NSH,C,32,1991-01-16,Haliburton,ON,CAN,CAN,71,195,2009,COL,1,3,3
137,Evander Kane,EDM,L,32,1991-08-02,Vancouver,BC,CAN,CAN,74,210,2009,ATL,1,4,4
138,Brayden Schenn,STL,C,32,1991-08-22,Saskatoon,SK,CAN,CAN,73,199,2009,L.A,1,5,5
139,Oliver Ekman-Larsson,VAN,D,32,1991-07-17,Karlskrona,,SWE,SWE,74,200,2009,PHX,1,6,6
140,Nazem Kadri,COL,C,33,1990-10-06,London,ON,CAN,CAN,72,185,2009,TOR,1,7,7
141,Ryan Ellis,PHI,D,32,1991-01-03,Hamilton,ON,CAN,CAN,70,180,2009,NSH,1,11,11
142,Calvin de Haan,CHI,D,32,1991-05-09,Carp,ON,CAN,CAN,73,195,2009,NYI,1,12,12
143,Zack Kassian,EDM,R,32,1991-01-24,Windsor,ON,CAN,CAN,75,211,2009,BUF,1,13,13
144,Dmitry Kulikov,MIN,D,33,1990-10-29,Lipetsk,,RUS,RUS,73,201,2009,FLA,1,14,14
145,Nick Leddy,"DET, STL",D,32,1991-03-20,Eden Prairie,MN,USA,USA,72,205,2009,MIN,1,16,16
146,Chris Kreider,NYR,L,32,1991-04-30,Boxford,MA,USA,USA,75,230,2009,NYR,1,19,19
147,John Moore,BOS,D,33,1990-11-19,Winnetka,IL,USA,USA,75,207,2009,CBJ,1,21,21
148,Brayden McNabb,VGK,D,32,1991-01-21,Davidson,SK,CAN,CAN,76,215,2009,BUF,3,5,66
149,Reilly Smith,VGK,R,32,1991-04-01,Toronto,ON,CAN,CAN,73,185,2009,DAL,3,8,69
150,Tomas Tatar,N.J,L,33,1990-12-01,Ilava,,SVK,SVK,70,173,2009,DET,2,30,60
151,Tyson Barrie,EDM,D,32,1991-07-26,Victoria,BC,CAN,CAN,71,197,2009,COL,3,3,64
152,Dmitry Orlov,WSH,D,32,1991-07-23,Novokuznetsk,,RUS,RUS,71,214,2009,WSH,2,25,55
153,Brian Dumoulin,PIT,D,32,1991-09-06,Biddeford,ME,USA,USA,76,207,2009,CAR,2,21,51
154,Richard Panik,NYI,R,32,1991-02-07,Martin,,SVK,SVK,73,203,2009,T.B,2,22,52
155,Mattias Ekholm,NSH,D,33,1990-05-24,Borlange,,SWE,SWE,76,215,2009,NSH,4,11,102
156,Marcus Foligno,MIN,L,32,1991-08-10,Buffalo,NY,USA,CAN,75,226,2009,BUF,4,13,104
157,Craig Smith,BOS,C,34,1989-09-05,Madison,WI,USA,USA,72,204,2009,NSH,4,7,98
158,Chris Wideman,MTL,D,33,1990-01-07,St. Louis,MO,USA,USA,70,181,2009,OTT,4,9,100
159,Casey Cizikas,NYI,C,32,1991-02-27,Toronto,ON,CAN,CAN,71,190,2009,NYI,4,1,92
160,David Savard,MTL,D,33,1990-10-22,St. Hyacinthe,QC,CAN,CAN,73,235,2009,CBJ,4,3,94
161,Nicolas Deslauriers,"ANA, MIN",L,32,1991-02-22,LaSalle,QC,CAN,CAN,73,220,2009,L.A,3,23,84
162,Cody Eakin,BUF,C,32,1991-05-24,Winnipeg,MB,CAN,CAN,72,196,2009,WSH,3,24,85
163,Kevin Connauton,"FLA, PHI",D,33,1990-02-23,Edmonton,AB,CAN,CAN,74,205,2009,VAN,3,22,83
164,Ben Chiarot,"FLA, MTL",D,32,1991-05-09,Hamilton,ON,CAN,CAN,75,232,2009,ATL,4,29,120
165,Erik Haula,BOS,L,32,1991-03-23,Pori,,FIN,FIN,71,191,2009,MIN,7,1,182
166,Anders Lee,NYI,"C, L",33,1990-07-03,Edina,MN,USA,USA,75,235,2009,NYI,6,1,152
167,Nick Jensen,WSH,D,33,1990-09-21,St. Paul,MN,USA,USA,73,205,2009,DET,5,29,150
168,Nic Dowd,WSH,C,33,1990-05-27,Huntsville,AL,USA,USA,73,193,2009,L.A,7,17,198
169,Justin Dowling,VAN,C,33,1990-10-01,Calgary,AB,CAN,CAN,70,180,-,-,-,-,-
170,Brenden Dillon,WPG,D,33,1990-11-13,New Westminster,BC,CAN,CAN,76,224,-,-,-,-,-
171,Andrew Agozzino,OTT,L,32,1991-01-03,Kleinburg,ON,CAN,CAN,70,187,-,-,-,-,-
172,Radko Gudas,FLA,D,33,1990-06-05,Prague,,CZE,CZE,72,208,2010,T.B,3,6,66
173,Matt Irwin,WSH,D,36,1987-11-29,Victoria,BC,CAN,CAN,74,200,-,-,-,-,-
174,Christopher Tanev,CGY,D,33,1989-12-20,Toronto,ON,CAN,CAN,74,193,-,-,-,-,-
175,Mats Zuccarello,MIN,"C, R",36,1987-09-01,Oslo,,NOR,NOR,68,181,-,-,-,-,-
176,Calle Jarnkrok,"CGY, SEA",C,32,1991-09-25,Gävle,,SWE,SWE,72,192,2010,DET,2,21,51
177,Justin Holl,TOR,D,31,1992-01-30,Tonka Bay,MN,USA,USA,75,197,2010,CHI,2,24,54
178,Jason Zucker,PIT,L,31,1992-01-16,Newport Beach,CA,USA,USA,71,192,2010,MIN,2,29,59
179,Tyler Toffoli,"CGY, MTL","C, R",31,1992-04-24,Scarborough,ON,CAN,CAN,72,203,2010,L.A,2,17,47
180,Johan Larsson,"ARI, WSH",L,31,1992-07-25,Lau,,SWE,SWE,71,206,2010,MIN,2,26,56
181,Greg McKegg,NYR,C,31,1992-06-17,St. Thomas,ON,CAN,CAN,72,195,2010,TOR,3,2,62
182,Evgeny Kuznetsov,WSH,C,31,1992-05-19,Chelyabinsk,,RUS,RUS,74,207,2010,WSH,1,26,26
183,Charlie Coyle,BOS,C,31,1992-03-02,E. Weymouth,MA,USA,USA,75,223,2010,S.J,1,28,28
184,Patrik Nemeth,NYR,D,31,1992-02-08,Stockholm,,SWE,SWE,76,230,2010,DAL,2,11,41
185,Jon Merrill,MIN,D,31,1992-02-03,Oklahoma City,OK,USA,USA,75,204,2010,N.J,2,8,38
186,Tyler Pitlick,"CGY, MTL",C,32,1991-11-01,Minneapolis,MN,USA,USA,74,200,2010,EDM,2,1,31
187,Justin Faulk,STL,D,31,1992-03-20,South St.Paul,MN,USA,USA,72,214,2010,CAR,2,7,37
188,Brock Nelson,NYI,C,32,1991-10-15,Warroad,MN,USA,USA,76,210,2010,NYI,1,30,30
189,Nick Bjugstad,MIN,C,31,1992-07-17,Minneapolis,MN,USA,USA,78,209,2010,FLA,1,19,19
190,Derek Forbort,BOS,D,31,1992-03-04,Duluth,MN,USA,USA,76,208,2010,L.A,1,15,15
191,Kevin Hayes,PHI,"C, R",31,1992-05-08,Dorchester,MA,USA,USA,77,216,2010,CHI,1,24,24
192,Cam Fowler,ANA,D,32,1991-12-05,Windsor,ON,CAN,USA,74,215,2010,ANA,1,12,12
193,Vladimir Tarasenko,STL,R,32,1991-12-13,Yaroslavl,,RUS,RUS,73,228,2010,STL,1,16,16
194,Austin Watson,OTT,L,31,1992-01-13,Ann Arbor,MI,USA,USA,76,204,2010,NSH,1,18,18
195,Jaden Schwartz,SEA,C,31,1992-06-25,Wilcox,SK,CAN,CAN,70,185,2010,STL,1,14,14
196,Riley Sheahan,SEA,C,32,1991-12-07,St. Catharines,ON,CAN,CAN,74,214,2010,DET,1,21,21
197,Chris Wagner,BOS,R,32,1991-05-27,Walpole,MA,USA,USA,72,192,2010,ANA,5,2,122
198,Jeff Skinner,BUF,L,31,1992-05-16,Toronto,ON,CAN,CAN,71,197,2010,CAR,1,7,7
199,Zach Hyman,EDM,"C, L",31,1992-06-09,Toronto,ON,CAN,CAN,73,211,2010,FLA,5,3,123
200,Erik Gudbranson,CGY,D,31,1992-01-07,Ottawa,ON,CAN,CAN,77,222,2010,FLA,1,3,3
201,Taylor Hall,BOS,L,32,1991-11-14,Calgary,AB,CAN,CAN,73,210,2010,EDM,1,1,1
202,Brett Connolly,CHI,R,31,1992-05-02,Campbell River,BC,CAN,CAN,75,198,2010,T.B,1,6,6
203,Ryan Johansen,NSH,C,31,1992-07-31,Vancouver,BC,CAN,CAN,75,218,2010,CBJ,1,4,4
204,Tyler Seguin,DAL,C,31,1992-01-31,Brampton,ON,CAN,CAN,73,205,2010,BOS,1,2,2
205,Mark Pysyk,BUF,D,31,1992-01-11,Sherwood Park,AB,CAN,CAN,73,198,2010,BUF,1,23,23
206,Jarred Tinordi,NYR,D,31,1992-02-20,Burnsville,MN,USA,USA,78,229,2010,MTL,1,22,22
207,Mikael Granlund,NSH,C,31,1992-02-26,Oulu,,FIN,FIN,70,185,2010,MIN,1,9,9
208,Nino Niederreiter,CAR,R,31,1992-09-08,Chur,,CHE,CHE,74,218,2010,NYI,1,5,5
209,Bryan Rust,PIT,R,31,1992-05-11,Pontiac,MI,USA,USA,71,192,2010,PIT,3,20,80
210,Joonas Donskoi,SEA,R,31,1992-04-13,Raahe,,FIN,FIN,72,185,2010,FLA,4,9,99
211,Jani Hakanpaa,DAL,D,31,1992-03-31,Kirkkonummi,,FIN,FIN,78,225,2010,STL,4,14,104
212,Sam Carrick,ANA,C,31,1992-02-04,Markham,ON,CAN,CAN,72,200,2010,TOR,5,24,144
213,Brendan Gallagher,MTL,R,31,1992-05-06,Edmonton,AB,CAN,CAN,69,186,2010,MTL,5,27,147
214,Jesper Fast,CAR,R,32,1991-12-02,Nassjo,,SWE,SWE,73,191,2010,NYR,6,7,157
215,John Klingberg,DAL,D,31,1992-08-14,Gothenburg,,SWE,SWE,75,190,2010,DAL,5,11,131
216,Mark Stone,VGK,R,31,1992-05-13,Winnipeg,MB,CAN,CAN,75,217,2010,OTT,6,28,178
217,Michael Sgarbossa,WSH,C,31,1992-07-25,Campbellville,ON,CAN,CAN,72,179,-,-,-,-,-
218,Alex Belzile,MTL,R,32,1991-08-31,Rivière-du-Loup,QC,CAN,CAN,72,196,-,-,-,-,-
219,Colin Blackwell,"SEA, TOR",C,30,1993-03-28,Lawrence,MA,USA,USA,69,190,2011,S.J,7,13,193
220,Matthew Peca,STL,C,30,1993-04-27,Petawawa,ON,CAN,CAN,70,181,2011,T.B,7,20,201
221,Ryan Dzingel,"ARI, S.J",C,31,1992-03-09,Wheaton,IL,USA,USA,72,190,2011,OTT,7,23,204
222,Ondrej Palat,T.B,L,32,1991-03-28,Frydek-Mistek,,CZE,CZE,72,194,2011,T.B,7,27,208
223,Josh Manson,"ANA, COL",D,32,1991-10-07,Hinsdale,IL,USA,CAN,75,218,2011,ANA,6,9,160
224,Max McCormick,SEA,L,31,1992-05-01,De Pere,WI,USA,USA,71,188,2011,OTT,6,20,171
225,Josh Archibald,EDM,R,31,1992-10-06,Regina,SK,CAN,CAN,70,176,2011,PIT,6,23,174
226,Travis Boyd,ARI,C,30,1993-09-14,Hopkins,MN,USA,USA,72,190,2011,WSH,6,26,177
227,Dylan DeMelo,WPG,D,30,1993-05-01,London,ON,CAN,CAN,72,195,2011,S.J,6,28,179
228,Gregory Hofmann,CBJ,C,31,1992-11-13,Tramelan,,CHE,CHE,72,194,2011,CAR,4,12,103
229,Johnny Gaudreau,CGY,L,30,1993-08-13,Salem,NJ,USA,USA,69,165,2011,CGY,4,13,104
230,Fredrik Claesson,T.B,D,31,1992-11-24,Stockholm,,SWE,SWE,73,196,2011,OTT,5,5,126
231,Nick Seeler,PHI,D,30,1993-06-03,Eden Prairie,MN,USA,USA,74,201,2011,MIN,5,10,131
232,Sean Kuraly,CBJ,C,30,1993-01-20,Dublin,OH,USA,USA,74,213,2011,S.J,5,12,133
233,Vincent Trocheck,CAR,C,30,1993-07-11,Pittsburgh,PA,USA,USA,71,184,2011,FLA,3,3,64
234,Joseph Cramarossa,MIN,C,31,1992-10-26,Toronto,ON,CAN,CAN,73,190,2011,ANA,3,4,65
235,T.J. Tynan,L.A,C,31,1992-02-25,Orland Park,IL,USA,USA,68,165,2011,CBJ,3,5,66
236,Adam Lowry,WPG,"C, L",30,1993-03-29,St. Louis,MO,USA,USA,78,208,2011,WPG,3,6,67
237,Nick Cousins,NSH,C,30,1993-07-20,Belleville,ON,CAN,CAN,71,192,2011,PHI,3,7,68
238,Steven Fogarty,BOS,C,30,1993-04-19,Chambersburg,PA,USA,USA,75,204,2011,NYR,3,11,72
239,Blake Coleman,CGY,C,32,1991-11-28,Plano,TX,USA,USA,71,199,2011,N.J,3,14,75
240,Logan Shaw,OTT,R,31,1992-10-05,Glace Bay,NS,CAN,CAN,75,208,2011,FLA,3,15,76
241,Andy Andreoff,NYI,C,32,1991-05-17,Pickering,ON,CAN,CAN,73,208,2011,L.A,3,19,80
242,Josh Leivo,CAR,L,30,1993-05-26,Innisfil,ON,CAN,CAN,74,192,2011,TOR,3,25,86
243,Kyle Rau,MIN,C,31,1992-10-24,Eden Prairie,MN,USA,USA,69,171,2011,FLA,3,30,91
244,Jean-Gabriel Pageau,NYI,C,31,1992-11-11,Ottawa,ON,CAN,CAN,71,185,2011,OTT,4,5,96
245,Mike Reilly,BOS,D,30,1993-07-13,Chicago,IL,USA,USA,73,196,2011,CBJ,4,7,98
246,Rocco Grimaldi,NSH,R,30,1993-02-08,Anaheim,CA,USA,USA,66,180,2011,FLA,2,3,33
247,Scott Mayfield,NYI,D,31,1992-10-14,St. Louis,MO,USA,USA,77,220,2011,NYI,2,4,34
248,Boone Jenner,CBJ,C,30,1993-06-15,Dorchester,ON,CAN,CAN,74,203,2011,CBJ,2,7,37
249,Dmitrij Jaskin,ARI,R,30,1993-03-23,Omsk,,RUS,CZE,74,216,2011,STL,2,11,41
250,Victor Rask,"MIN, SEA",C,30,1993-03-01,Leksand,,SWE,SWE,74,199,2011,CAR,2,12,42
251,Brandon Saad,STL,L,31,1992-10-27,Pittsburgh,PA,USA,USA,73,215,2011,CHI,2,13,43
252,Brett Ritchie,CGY,R,30,1993-07-01,Orangeville,ON,CAN,CAN,76,215,2011,DAL,2,14,44
253,Joel Edmundson,MTL,D,30,1993-06-28,Brandon,MB,CAN,CAN,77,221,2011,STL,2,16,46
254,Matt Nieto,S.J,L,31,1992-11-05,Long Beach,CA,USA,USA,71,187,2011,S.J,2,17,47
255,William Karlsson,VGK,C,30,1993-01-08,Marsta,,SWE,SWE,72,190,2011,ANA,2,23,53
256,Scott Harrington,CBJ,D,30,1993-03-10,Kingston,ON,CAN,CAN,74,204,2011,PIT,2,24,54
257,Nikita Kucherov,T.B,R,30,1993-06-17,Maykop,,RUS,RUS,71,181,2011,T.B,2,28,58
258,Ryan Nugent-Hopkins,EDM,C,30,1993-04-12,Burnaby,BC,CAN,CAN,72,195,2011,EDM,1,1,1
259,Gabriel Landeskog,COL,L,31,1992-11-23,Stockholm,,SWE,SWE,73,215,2011,COL,1,2,2
260,Jonathan Huberdeau,FLA,"C, L",30,1993-06-04,Saint-Jerome,QC,CAN,CAN,73,200,2011,FLA,1,3,3
261,Adam Larsson,SEA,D,31,1992-11-12,Skellefteå,,SWE,SWE,75,209,2011,N.J,1,4,4
262,Ryan Strome,NYR,C,30,1993-07-11,Mississauga,ON,CAN,CAN,73,191,2011,NYI,1,5,5
263,Mika Zibanejad,NYR,C,30,1993-04-18,Huddinge,,SWE,SWE,74,202,2011,OTT,1,6,6
264,Mark Scheifele,WPG,C,30,1993-03-15,Kitchener,ON,CAN,CAN,75,198,2011,WPG,1,7,7
265,Sean Couturier,PHI,C,31,1992-12-07,Phoenix,AZ,USA,CAN,75,211,2011,PHI,1,8,8
266,Dougie Hamilton,N.J,D,30,1993-06-17,Toronto,ON,CAN,CAN,78,230,2011,BOS,1,9,9
267,Jonas Brodin,MIN,D,30,1993-07-12,Karlstad,,SWE,SWE,74,196,2011,MIN,1,10,10
268,Sven Baertschi,VGK,L,31,1992-10-05,Bern,,CHE,CHE,71,190,2011,CGY,1,13,13
269,Jamie Oleksiak,SEA,D,30,1992-12-21,Toronto,ON,CAN,CAN,79,257,2011,DAL,1,14,14
270,J.T. Miller,VAN,C,30,1993-03-14,East Palestine,OH,USA,USA,73,218,2011,NYR,1,15,15
271,Joel Armia,MTL,R,30,1993-05-31,Pori,,FIN,FIN,75,216,2011,BUF,1,16,16
272,Nathan Beaulieu,WPG,D,31,1992-12-05,Strathroy,ON,CAN,CAN,74,200,2011,MTL,1,17,17
273,Connor Murphy,CHI,D,30,1993-03-26,Dublin,OH,USA,USA,76,212,2011,PHX,1,20,20
274,Stefan Noesen,CAR,R,30,1993-02-12,Plano,TX,USA,USA,73,205,2011,OTT,1,21,21
275,Phillip Danault,L.A,"C, L",30,1993-02-24,Victoriaville,QC,CAN,CAN,73,200,2011,CHI,1,26,26
276,Vladislav Namestnikov,"DAL, DET",C,31,1992-11-22,Zhukovskiy,,RUS,RUS,72,179,2011,T.B,1,27,27
277,Rickard Rakell,"ANA, PIT","L, R",30,1993-05-05,Sundbyberg,,SWE,SWE,73,195,2011,ANA,1,30,30
278,Seth Griffith,EDM,C,30,1993-01-04,Wallaceburg,ON,CAN,CAN,69,190,2012,BOS,5,10,131
279,Turner Elson,DET,C,31,1992-09-13,New Westminster,BC,CAN,CAN,72,193,-,-,-,-,-
280,Colin Miller,BUF,D,31,1992-10-29,Sault Ste. Marie,ON,CAN,CAN,73,200,2012,L.A,5,30,151
281,Jonathan Marchessault,VGK,C,32,1990-12-27,Cap-Rouge,QC,CAN,CAN,69,183,-,-,-,-,-
282,Kurtis Gabriel,CHI,R,30,1993-04-20,Newmarket,ON,CAN,CAN,76,212,2013,MIN,3,20,81
283,Barclay Goodrow,NYR,C,30,1993-02-26,Toronto,ON,CAN,CAN,74,204,-,-,-,-,-
284,Brad Hunt,VAN,D,35,1988-08-24,Maple Ridge,BC,CAN,CAN,69,177,-,-,-,-,-
285,Torey Krug,STL,D,32,1991-04-12,Livonia,MI,USA,USA,69,194,-,-,-,-,-
286,Matt Tennyson,NSH,D,33,1990-04-23,Minneapolis,MN,USA,USA,74,205,-,-,-,-,-
287,Luke Glendening,DAL,C,34,1989-04-28,Grand Rapids,MI,USA,USA,71,190,-,-,-,-,-
288,Yanni Gourde,SEA,C,32,1991-12-15,Saint-Narcisse,QC,CAN,CAN,69,174,-,-,-,-,-
289,Ryan Murray,COL,D,30,1993-09-27,Regina,SK,CAN,CAN,73,206,2012,CBJ,1,2,2
290,Alex Galchenyuk,ARI,C,29,1994-02-12,Milwaukee,WI,USA,USA,73,194,2012,MTL,1,3,3
291,Morgan Rielly,TOR,D,29,1994-03-09,Vancouver,BC,CAN,CAN,73,222,2012,TOR,1,5,5
292,Hampus Lindholm,"ANA, BOS",D,29,1994-01-20,Helsingborg,,SWE,SWE,76,215,2012,ANA,1,6,6
293,Matt Dumba,MIN,D,29,1994-07-25,Regina,SK,CAN,CAN,72,181,2012,MIN,1,7,7
294,Brendan Gaunce,CBJ,C,29,1994-03-25,Sudbury,ON,CAN,CAN,75,219,2012,VAN,1,26,26
295,Brady Skjei,CAR,D,29,1994-03-26,Lakeville,MN,USA,USA,75,210,2012,NYR,1,28,28
296,Stefan Matteau,COL,C,29,1994-02-23,Chicago,IL,USA,USA,74,208,2012,N.J,1,29,29
297,Tanner Pearson,VAN,L,31,1992-08-10,Kitchener,ON,CAN,CAN,73,201,2012,L.A,1,30,30
298,Scott Laughton,PHI,C,29,1994-05-30,Oakville,ON,CAN,CAN,73,190,2012,PHI,1,20,20
299,Mark Jankowski,BUF,C,29,1994-09-13,Hamilton,ON,CAN,CAN,76,212,2012,CGY,1,21,21
300,Olli Maatta,L.A,D,29,1994-08-22,Jyväskylä,,FIN,FIN,74,207,2012,PIT,1,22,22
301,Mike Matheson,PIT,D,29,1994-02-27,Pointe-Claire,QC,CAN,CAN,74,193,2012,FLA,1,23,23
302,Zemgus Girgensons,BUF,L,29,1994-01-05,Riga,,LVA,LVA,74,200,2012,BUF,1,14,14
303,Cody Ceci,EDM,D,29,1993-12-21,Ottawa,ON,CAN,CAN,74,210,2012,OTT,1,15,15
304,Tom Wilson,WSH,R,29,1994-03-29,Toronto,ON,CAN,CAN,76,220,2012,WSH,1,16,16
305,Tomas Hertl,S.J,C,30,1993-11-12,Praha,,CZE,CZE,75,215,2012,S.J,1,17,17
306,Teuvo Teravainen,CAR,L,29,1994-09-11,Helsinki,,FIN,FIN,71,191,2012,CHI,1,18,18
307,Derrick Pouliot,"SEA, VGK",D,29,1994-01-16,Estevan,SK,CAN,CAN,72,196,2012,PIT,1,8,8
308,Jacob Trouba,NYR,D,29,1994-02-26,Rochester,MI,USA,USA,75,203,2012,WPG,1,9,9
309,Slater Koekkoek,EDM,D,29,1994-02-18,Winchester,ON,CAN,CAN,74,193,2012,T.B,1,10,10
310,Filip Forsberg,NSH,L,29,1994-08-13,Ostervala,,SWE,SWE,73,205,2012,WSH,1,11,11
311,Radek Faksa,DAL,C,29,1994-01-09,Vitkov,,CZE,CZE,75,225,2012,DAL,1,13,13
312,Matt Grzelcyk,BOS,D,29,1994-01-05,Charlestown,MA,USA,USA,70,176,2012,BOS,3,24,85
313,Colton Parayko,STL,D,30,1993-05-12,St. Albert,AB,CAN,CAN,78,228,2012,STL,3,25,86
314,Oskar Sundqvist,"DET, STL",C,29,1994-03-23,Boden,,SWE,SWE,75,220,2012,PIT,3,20,81
315,Esa Lindell,DAL,D,29,1994-05-23,Vantaa,,FIN,FIN,75,220,2012,DAL,3,13,74
316,Chandler Stephenson,VGK,C,29,1994-04-22,Saskatoon,SK,CAN,CAN,72,209,2012,WSH,3,16,77
317,Shayne Gostisbehere,ARI,D,30,1993-04-20,Pembroke Pines,FL,USA,USA,71,180,2012,PHI,3,17,78
318,Mackenzie MacEachern,STL,L,29,1994-03-09,Bloomfield Hills,MI,USA,USA,74,193,2012,STL,3,6,67
319,Devin Shore,EDM,C,29,1994-07-19,Ajax,ON,CAN,CAN,73,206,2012,DAL,2,31,61
320,Jujhar Khaira,CHI,L,29,1994-08-13,Surrey,BC,CAN,CAN,76,212,2012,EDM,3,2,63
321,Adam Pelech,NYI,D,29,1994-08-16,Toronto,ON,CAN,CAN,75,210,2012,NYI,3,4,65
322,Jimmy Vesey,N.J,L,30,1993-05-26,Boston,MA,USA,USA,75,202,2012,NSH,3,5,66
323,Chris Tierney,OTT,C,29,1994-07-01,Keswick,ON,CAN,CAN,73,191,2012,S.J,2,25,55
324,Jordan Martinook,CAR,L,31,1992-07-25,Brandon,MB,CAN,CAN,72,196,2012,PHX,2,28,58
325,Damon Severson,N.J,D,29,1994-08-07,Melville,SK,CAN,CAN,74,205,2012,N.J,2,30,60
326,Martin Frk,L.A,R,30,1993-10-05,Pelhrimov,,CZE,CZE,73,210,2012,DET,2,19,49
327,Colton Sissons,NSH,C,30,1993-11-05,North Vancouver,BC,CAN,CAN,73,200,2012,NSH,2,20,50
328,Teddy Blueger,PIT,C,29,1994-08-15,Riga,,LVA,LVA,72,185,2012,PIT,2,22,52
329,Jake McCabe,CHI,D,30,1993-10-12,Eau Claire,WI,USA,USA,73,204,2012,BUF,2,14,44
330,Brock McGinn,PIT,L,29,1994-02-02,Fergus,ON,CAN,CAN,72,187,2012,CAR,2,17,47
331,Dominic Toninato,WPG,C,29,1994-03-09,Duluth,MN,USA,USA,74,191,2012,TOR,5,5,126
332,Jaccob Slavin,CAR,D,29,1994-05-01,Denver,CO,USA,USA,75,207,2012,CAR,4,29,120
333,Andreas Athanasiou,L.A,C,29,1994-08-06,London,ON,CAN,CAN,74,190,2012,DET,4,19,110
334,Gemel Smith,DET,C,29,1994-04-16,Toronto,ON,CAN,CAN,70,203,2012,DAL,4,13,104
335,Brett Kulak,"EDM, MTL",D,29,1994-01-06,Edmonton,AB,CAN,CAN,73,197,2012,CGY,4,14,105
336,Cedric Paquette,MTL,C,30,1993-08-13,Gaspe,QC,CAN,CAN,72,205,2012,T.B,4,10,101
337,Erik Gustafsson,CHI,D,31,1992-03-14,Nynashamn,,SWE,SWE,72,197,2012,EDM,4,2,93
338,Josh Anderson,MTL,R,29,1994-05-07,Burlington,ON,CAN,CAN,75,218,2012,CBJ,4,4,95
339,Danny O'Regan,ANA,C,29,1994-01-30,Berlin,,DEU,USA,70,180,2012,S.J,5,17,138
340,Paul LaDue,NYI,D,31,1992-09-06,Grand Forks,ND,USA,USA,75,205,2012,L.A,6,30,181
341,Matthew Benning,NSH,D,29,1994-05-25,Edmonton,AB,CAN,CAN,73,203,2012,BOS,6,24,175
342,Petteri Lindbohm,FLA,D,30,1993-09-23,Helsinki,,FIN,FIN,75,198,2012,STL,6,25,176
343,Vinnie Hinostroza,BUF,C,29,1994-04-03,Chicago,IL,USA,USA,70,183,2012,CHI,6,18,169
344,Riley Barber,DET,R,29,1994-02-07,Pittsburgh,PA,USA,USA,72,199,2012,WSH,6,16,167
345,Connor Brown,OTT,R,29,1994-01-14,Toronto,ON,CAN,CAN,72,181,2012,TOR,6,5,156
346,Ben Hutton,VGK,D,30,1993-04-20,Brockville,ON,CAN,CAN,75,201,2012,VAN,5,26,147
347,Alexander Kerfoot,TOR,C,29,1994-08-11,Vancouver,BC,CAN,CAN,71,186,2012,N.J,5,29,150
348,Jaycob Megna,S.J,D,31,1992-12-10,Plantation,FL,USA,USA,78,220,2012,ANA,7,29,210
349,Liam O'Brien,ARI,C,29,1994-07-29,Halifax,NS,CAN,CAN,73,213,-,-,-,-,-
350,Kurtis MacDermid,COL,D,29,1994-03-25,Sauble Beach,ON,CAN,CAN,77,233,-,-,-,-,-
351,Jayson Megna,COL,C,33,1990-02-01,Fort Lauderdale,FL,USA,USA,73,195,-,-,-,-,-
352,Scott Sabourin,OTT,R,31,1992-07-30,Orleans,ON,CAN,CAN,75,208,-,-,-,-,-
353,Andrej Sustr,"ANA, T.B",D,33,1990-11-29,Plzen,,CZE,CZE,79,217,-,-,-,-,-
354,Buddy Robinson,ANA,R,32,1991-09-30,Bellmawr,NJ,USA,USA,78,232,-,-,-,-,-
355,Danny DeKeyser,DET,D,33,1990-03-07,Detroit,MI,USA,USA,75,183,-,-,-,-,-
356,Nate Schmidt,WPG,D,32,1991-07-16,St. Cloud,MN,USA,USA,72,195,-,-,-,-,-
357,Carter Rowney,DET,C,34,1989-05-10,Grand Prairie,AB,CAN,CAN,74,208,-,-,-,-,-
358,Chad Ruhwedel,PIT,D,33,1990-05-07,San Diego,CA,USA,USA,71,191,-,-,-,-,-
359,Michael Raffl,DAL,L,35,1988-12-01,Villach,,AUT,AUT,73,205,-,-,-,-,-
360,Anton Blidh,BOS,L,28,1995-03-14,Molnlycke,,SWE,SWE,73,197,2013,BOS,6,29,180
361,Dominik Kubalik,CHI,L,28,1995-08-21,Plzen,,CZE,CZE,74,190,2013,L.A,7,10,191
362,Kyle Burroughs,VAN,D,28,1995-07-12,Vancouver,BC,CAN,CAN,72,193,2013,NYI,7,15,196
363,Andreas Johnsson,N.J,L,29,1994-11-21,Gävle,,SWE,SWE,70,195,2013,TOR,7,21,202
364,Tyler Lewington,BOS,D,29,1994-12-05,Edmonton,AB,CAN,CAN,74,195,2013,WSH,7,23,204
365,MacKenzie Weegar,FLA,D,29,1994-01-07,Ottawa,ON,CAN,CAN,72,206,2013,FLA,7,25,206
366,Tyler Motte,"NYR, VAN",C,28,1995-03-10,St. Clair,MI,USA,USA,70,192,2013,CHI,4,30,121
367,Will Butcher,BUF,D,28,1995-01-06,Sun Prairie,WI,USA,USA,70,195,2013,COL,5,2,123
368,Tucker Poolman,VAN,D,30,1993-06-08,Dubuque,IA,USA,USA,74,199,2013,WPG,5,6,127
369,Connor Clifton,BOS,D,28,1995-04-28,Long Branch,NJ,USA,USA,71,190,2013,PHX,5,12,133
370,Carson Soucy,SEA,D,29,1994-07-27,Viking,AB,CAN,CAN,77,208,2013,MIN,5,16,137
371,Jonny Brodzinski,NYR,C,30,1993-06-19,Ham Lake,MN,USA,USA,72,212,2013,L.A,5,27,148
372,Josh Brown,"BOS, OTT",D,29,1994-01-21,London,ON,CAN,CAN,77,220,2013,FLA,6,1,152
373,Hudson Fasching,ARI,R,28,1995-07-28,Milwaukee,WI,USA,USA,75,204,2013,L.A,4,27,118
374,John Hayden,BUF,C,28,1995-02-14,Chicago,IL,USA,USA,75,223,2013,CHI,3,13,74
375,Pavel Buchnevich,STL,L,28,1995-04-17,Cherepovets,,RUS,RUS,73,196,2013,NYR,3,14,75
376,Jake Guentzel,PIT,L,29,1994-10-06,Omaha,NE,USA,USA,71,180,2013,PIT,3,16,77
377,Mattias Janmark,VGK,C,31,1992-12-08,Stockholm,,SWE,SWE,73,205,2013,DET,3,18,79
378,Anthony Duclair,FLA,L,28,1995-08-26,Pointe-Claire,QC,CAN,CAN,71,197,2013,NYR,3,19,80
379,Carter Verhaeghe,FLA,C,28,1995-08-14,Toronto,ON,CAN,CAN,74,180,2013,TOR,3,21,82
380,Oliver Bjorkstrand,CBJ,R,28,1995-04-10,Herning,,DNK,DNK,72,175,2013,CBJ,3,28,89
381,Mason Geertsen,N.J,D,28,1995-04-19,Drayton Valley,AB,CAN,CAN,76,227,2013,COL,4,2,93
382,Miles Wood,N.J,L,28,1995-09-13,Buffalo,NY,USA,USA,74,195,2013,N.J,4,9,100
383,Nicholas Paul,"OTT, T.B",L,28,1995-03-20,Mississauga,ON,CAN,CAN,75,223,2013,DAL,4,10,101
384,Andrew Copp,"NYR, WPG",C,29,1994-07-08,Ann Arbor,MI,USA,USA,73,199,2013,WPG,4,13,104
385,Ben Harpur,NSH,D,28,1995-01-12,Hamilton,ON,CAN,CAN,78,231,2013,OTT,4,17,108
386,Ryan Graves,N.J,D,28,1995-05-21,Yarmouth,NS,CAN,CAN,77,220,2013,NYR,4,19,110
387,Andre Burakovsky,COL,L,28,1995-02-09,Klagenfurt,,AUT,SWE,75,209,2013,WSH,1,23,23
388,Michael McCarron,NSH,R,28,1995-03-07,Grosse Pointe,MI,USA,USA,78,232,2013,MTL,1,25,25
389,Shea Theodore,VGK,D,28,1995-08-03,Langley,BC,CAN,CAN,74,197,2013,ANA,1,26,26
390,Jason Dickinson,VAN,C,28,1995-07-04,Georgetown,ON,CAN,CAN,74,200,2013,DAL,1,29,29
391,Ryan Hartman,MIN,R,29,1994-09-20,Hilton Head Isl.,SC,USA,USA,72,197,2013,CHI,1,30,30
392,Adam Erne,DET,L,28,1995-04-20,New Haven,CT,USA,USA,73,212,2013,T.B,2,3,33
393,J.T. Compher,COL,L,28,1995-04-08,Northbrook,IL,USA,USA,72,190,2013,BUF,2,5,35
394,Laurent Dauphin,MTL,C,28,1995-03-27,Repentigny,QC,CAN,CAN,72,186,2013,PHX,2,9,39
395,Remi Elie,T.B,L,28,1995-04-16,Cornwall,ON,CAN,CAN,73,215,2013,DAL,2,10,40
396,Robert Hagg,"BUF, FLA",D,28,1995-02-08,Uppsala,,SWE,SWE,74,210,2013,PHI,2,11,41
397,Nic Petan,VAN,C,28,1995-03-22,Delta,BC,CAN,CAN,69,175,2013,WPG,2,13,43
398,Dillon Heatherington,OTT,D,28,1995-05-09,Calgary,AB,CAN,CAN,76,215,2013,CBJ,2,20,50
399,Carl Dahlstrom,TOR,D,28,1995-01-28,Stockholm,,SWE,SWE,76,231,2013,CHI,2,21,51
400,Justin Bailey,VAN,R,28,1995-07-01,Buffalo,NY,USA,USA,76,214,2013,BUF,2,22,52
401,Madison Bowey,VAN,D,28,1995-04-22,Winnipeg,MB,CAN,CAN,73,207,2013,WSH,2,23,53
402,Artturi Lehkonen,"COL, MTL",L,28,1995-07-04,Piikkio,,FIN,FIN,71,179,2013,MTL,2,25,55
403,William Carrier,VGK,L,28,1994-12-20,LaSalle,QC,CAN,CAN,74,218,2013,STL,2,27,57
404,Tyler Bertuzzi,DET,L,28,1995-02-24,Sudbury,ON,CAN,CAN,73,186,2013,DET,2,28,58
405,Zach Sanford,"OTT, WPG",L,29,1994-11-09,Salem,MA,USA,USA,76,206,2013,WSH,2,31,61
406,Brett Pesce,CAR,D,29,1994-11-15,Tarrytown,NY,USA,USA,75,206,2013,CAR,3,5,66
407,Nathan MacKinnon,COL,C,28,1995-09-01,Halifax,NS,CAN,CAN,72,200,2013,COL,1,1,1
408,Aleksander Barkov,FLA,C,28,1995-09-02,Tampere,,FIN,FIN,75,215,2013,FLA,1,2,2
409,Jonathan Drouin,MTL,L,28,1995-03-28,Ste-Agathe,QC,CAN,CAN,71,198,2013,T.B,1,3,3
410,Seth Jones,CHI,D,29,1994-10-03,Arlington,TX,USA,USA,76,213,2013,NSH,1,4,4
411,Elias Lindholm,CGY,C,29,1994-12-02,Boden,,SWE,SWE,73,202,2013,CAR,1,5,5
412,Sean Monahan,CGY,C,29,1994-10-12,Brampton,ON,CAN,CAN,74,196,2013,CGY,1,6,6
413,Darnell Nurse,EDM,D,28,1995-02-04,Hamilton,ON,CAN,CAN,76,221,2013,EDM,1,7,7
414,Rasmus Ristolainen,PHI,D,29,1994-10-27,Turku,,FIN,FIN,76,221,2013,BUF,1,8,8
415,Bo Horvat,VAN,C,28,1995-04-05,London,ON,CAN,CAN,72,215,2013,VAN,1,9,9
416,Valeri Nichushkin,COL,R,28,1995-03-04,Chelyabinsk,,RUS,RUS,76,210,2013,DAL,1,10,10
417,Max Domi,"CAR, CBJ",C,28,1995-03-02,Winnipeg,MB,CAN,CAN,70,194,2013,PHX,1,12,12
418,Josh Morrissey,WPG,D,28,1995-03-28,Calgary,AB,CAN,CAN,72,185,2013,WPG,1,13,13
419,Alex Wennberg,SEA,C,29,1994-09-22,Stockholm,,SWE,SWE,74,190,2013,CBJ,1,14,14
420,Ryan Pulock,NYI,D,29,1994-10-06,Dauphin,MB,CAN,CAN,74,216,2013,NYI,1,15,15
421,Nikita Zadorov,CGY,D,28,1995-04-16,Moscow,,RUS,RUS,78,248,2013,BUF,1,16,16
422,Curtis Lazar,BOS,C,28,1995-02-02,Salmon Arm,BC,CAN,CAN,72,203,2013,OTT,1,17,17
423,Anthony Mantha,WSH,R,29,1994-09-16,Longueuil,QC,CAN,CAN,77,234,2013,DET,1,20,20
424,Frederik Gauthier,N.J,C,28,1995-04-26,Laval,QC,CAN,CAN,77,239,2013,TOR,1,21,21
425,Ross Johnston,NYI,L,29,1994-02-18,Charlottetown,PE,CAN,CAN,77,230,-,-,-,-,-
426,Dakota Mermis,MIN,D,29,1994-01-05,Alton,IL,USA,USA,72,195,-,-,-,-,-
427,Nathan Walker,STL,L,29,1994-02-07,Cardiff,,GBR,AUS,69,187,2014,WSH,3,29,89
428,Brandon Baddock,MTL,L,28,1995-03-29,Vermilion,AB,CAN,CAN,75,218,2014,N.J,6,11,161
429,Joel Hanley,DAL,D,32,1991-06-08,Keswick,ON,CAN,CAN,71,190,-,-,-,-,-
430,Conor Sheary,WSH,L,31,1992-06-08,Winchester,MA,USA,USA,69,179,-,-,-,-,-
431,Trevor van Riemsdyk,WSH,D,32,1991-07-24,Middletown,NJ,USA,USA,75,191,-,-,-,-,-
432,Ryan Carpenter,"CGY, CHI",C,32,1991-01-18,Oviedo,FL,USA,USA,73,198,-,-,-,-,-
433,Jordan Oesterle,DET,D,31,1992-06-25,Dearborn Heights,MI,USA,USA,72,187,-,-,-,-,-
434,Patrick Brown,PHI,C,31,1992-05-29,Bloomfield Hills,MI,USA,USA,73,210,-,-,-,-,-
435,Garnet Hathaway,WSH,R,32,1991-11-23,Kennebunkport,ME,USA,USA,75,208,-,-,-,-,-
436,Frederick Gaudreau,MIN,C,30,1993-05-01,Bromont,QC,CAN,CAN,72,184,-,-,-,-,-
437,Pierre-Edouard Bellemare,T.B,L,38,1985-03-06,Le Blanc-Mesnil,,FRA,FRA,71,198,-,-,-,-,-
438,Tomas Nosek,BOS,L,31,1992-09-01,Pardubice,,CZE,CZE,75,205,-,-,-,-,-
439,Aaron Ekblad,FLA,D,27,1996-02-07,Windsor,ON,CAN,CAN,76,215,2014,FLA,1,1,1
440,Sam Reinhart,FLA,C,28,1995-11-06,West Vancouver,BC,CAN,CAN,74,193,2014,BUF,1,2,2
441,Leon Draisaitl,EDM,C,28,1995-10-27,Cologne,,DEU,DEU,74,208,2014,EDM,1,3,3
442,Sam Bennett,FLA,C,27,1996-06-20,Holland Landing,ON,CAN,CAN,73,195,2014,CGY,1,4,4
443,Michael Dal Colle,NYI,L,27,1996-06-20,Richmond Hill,ON,CAN,CAN,75,195,2014,NYI,1,5,5
444,Haydn Fleury,SEA,D,27,1996-07-08,Carlyle,SK,CAN,CAN,76,208,2014,CAR,1,7,7
445,William Nylander,TOR,"C, R",27,1996-05-01,Calgary,AB,CAN,SWE,72,204,2014,TOR,1,8,8
446,Nikolaj Ehlers,WPG,L,27,1996-02-14,Aalborg,,DNK,DNK,72,169,2014,WPG,1,9,9
447,Nick Ritchie,"ARI, TOR",L,28,1995-12-05,Orangeville,ON,CAN,CAN,75,236,2014,ANA,1,10,10
448,Kevin Fiala,MIN,L,27,1996-07-22,St. Gallen,,CHE,CHE,70,204,2014,NSH,1,11,11
449,Brendan Perlini,EDM,L,27,1996-04-27,Guildford,,GBR,GBR,75,211,2014,ARI,1,12,12
450,Jakub Vrana,DET,L,27,1996-02-28,Prague,,CZE,CZE,72,190,2014,WSH,1,13,13
451,Dylan Larkin,DET,C,27,1996-07-30,Waterford,MI,USA,USA,73,198,2014,DET,1,15,15
452,Sonny Milano,ANA,L,27,1996-05-12,Massapequa,NY,USA,USA,72,194,2014,CBJ,1,16,16
453,Travis Sanheim,PHI,D,27,1996-03-29,Elkhorn,MB,CAN,CAN,75,181,2014,PHI,1,17,17
454,Alex Tuch,BUF,R,27,1996-05-10,Syracuse,NY,USA,USA,76,219,2014,MIN,1,18,18
455,Tony DeAngelo,CAR,D,28,1995-10-24,Sewell,NJ,USA,USA,71,180,2014,T.B,1,19,19
456,Nick Schmaltz,ARI,C,27,1996-02-23,Madison,WI,USA,USA,72,181,2014,CHI,1,20,20
457,Robby Fabbri,DET,C,27,1996-01-22,Mississauga,ON,CAN,CAN,71,185,2014,STL,1,21,21
458,Kasperi Kapanen,PIT,R,27,1996-07-23,Kuopio,,FIN,FIN,73,194,2014,PIT,1,22,22
459,Jared McCann,SEA,"C, L",27,1996-05-31,Stratford,ON,CAN,CAN,73,191,2014,VAN,1,24,24
460,David Pastrnak,BOS,R,27,1996-05-25,Havirov,,CZE,CZE,73,195,2014,BOS,1,25,25
461,Adrian Kempe,L.A,"C, L",27,1996-09-13,Kramfors,,SWE,SWE,74,200,2014,L.A,1,29,29
462,Brendan Lemieux,L.A,L,27,1996-03-15,Denver,CO,USA,USA,73,215,2014,BUF,2,1,31
463,Ivan Barbashev,STL,C,28,1995-12-14,Moscow,,RUS,RUS,73,195,2014,STL,2,3,33
464,Marcus Pettersson,PIT,D,27,1996-05-08,Skellefteå,,SWE,SWE,75,177,2014,ANA,2,8,38
465,Ryan MacInnis,BUF,C,27,1996-02-14,St. Louis,MO,USA,USA,75,201,2014,ARI,2,13,43
466,Nicolas Aube-Kubel,"COL, PHI",R,27,1996-05-10,Slave Lake,AB,CAN,CAN,72,207,2014,PHI,2,18,48
467,Brandon Montour,FLA,D,29,1994-04-11,Brantford,ON,CAN,CAN,72,194,2014,ANA,2,25,55
468,Ryan Donato,SEA,C,27,1996-04-09,Boston,MA,USA,USA,72,190,2014,BOS,2,26,56
469,Christian Dvorak,MTL,L,27,1996-02-02,Palos,IL,USA,USA,73,193,2014,ARI,2,28,58
470,Juho Lammikko,VAN,L,27,1996-01-29,Noormarkku,,FIN,FIN,74,191,2014,FLA,3,5,65
471,Warren Foegele,EDM,L,27,1996-04-01,Markham,ON,CAN,CAN,74,198,2014,CAR,3,7,67
472,Brayden Point,T.B,C,27,1996-03-13,Calgary,AB,CAN,CAN,71,180,2014,T.B,3,19,79
473,Jake Walman,"DET, STL",D,27,1996-02-20,Toronto,ON,CAN,CAN,74,215,2014,STL,3,22,82
474,Mark Friedman,PIT,D,27,1995-12-25,Toronto,ON,CAN,CAN,71,185,2014,PHI,3,26,86
475,Michael Amadio,"TOR, VGK",C,27,1996-05-13,Sault Ste. Marie,ON,CAN,CAN,73,204,2014,L.A,3,30,90
476,William Lagesson,"EDM, MTL",D,27,1996-02-22,Gothenburg,,SWE,SWE,74,207,2014,EDM,4,1,91
477,Chase De Leo,N.J,C,28,1995-10-25,La Mirada,CA,USA,USA,69,185,2014,WPG,4,9,99
478,Devon Toews,COL,D,29,1994-02-21,Abbotsford,BC,CAN,CAN,73,191,2014,NYI,4,18,108
479,Austin Poganski,WPG,R,27,1996-02-16,St. Cloud,MN,USA,USA,73,198,2014,STL,4,20,110
480,Viktor Arvidsson,L.A,L,30,1993-04-08,Skellefteå,,SWE,SWE,70,185,2014,NSH,4,22,112
481,Sam Lafferty,"CHI, PIT","C, R",28,1995-03-06,Hollidaysburg,PA,USA,USA,73,195,2014,PIT,4,23,113
482,Danton Heinen,PIT,L,28,1995-07-05,Langley,BC,CAN,CAN,73,188,2014,BOS,4,26,116
483,Michael Bunting,TOR,L,28,1995-09-17,Scarborough,ON,CAN,CAN,72,192,2014,ARI,4,27,117
484,Max Willman,PHI,C,28,1995-02-13,Barnstable,MA,USA,USA,72,184,2014,BUF,5,1,121
485,Gustav Forsling,FLA,D,27,1996-06-12,Linkoping,,SWE,SWE,72,186,2014,VAN,5,6,126
486,Clark Bishop,OTT,C,27,1996-03-29,St. John's,NL,CAN,CAN,73,197,2014,CAR,5,7,127
487,Dakota Joshua,STL,C,27,1996-05-15,Dearborn,MI,USA,USA,75,206,2014,TOR,5,8,128
488,CJ Suess,WPG,L,29,1994-03-17,St. Paul,MN,USA,USA,71,190,2014,WPG,5,9,129
489,Dysin Mayo,ARI,D,27,1996-08-17,Victoria,BC,CAN,CAN,74,183,2014,ARI,5,13,133
490,Oskar Lindblom,PHI,L,27,1996-08-15,Gävle,,SWE,SWE,73,191,2014,PHI,5,18,138
491,Anthony Angello,PIT,R,27,1996-03-06,Albany,NY,USA,USA,77,210,2014,PIT,5,25,145
492,Anders Bjork,BUF,L,27,1996-08-05,Mequon,WI,USA,USA,72,190,2014,BOS,5,26,146
493,Kevin Labanc,S.J,R,28,1995-12-12,Brooklyn,NY,USA,USA,71,185,2014,S.J,6,21,171
494,Sammy Blais,NYR,L,27,1996-06-17,Montmagny,QC,CAN,CAN,74,206,2014,STL,6,26,176
495,Dylan Sikura,COL,C,28,1995-06-01,Aurora,ON,CAN,CAN,71,170,2014,CHI,6,28,178
496,Victor Olofsson,BUF,L,28,1995-07-18,Ornskoldsvik,,SWE,SWE,71,181,2014,BUF,7,1,181
497,Pierre Engvall,TOR,L,27,1996-05-31,Ljungby,,SWE,SWE,77,219,2014,TOR,7,8,188
498,Ondrej Kase,TOR,R,28,1995-11-08,Kadan,,CZE,CZE,72,187,2014,ANA,7,25,205
499,Jake Evans,MTL,C,27,1996-06-02,Toronto,ON,CAN,CAN,72,186,2014,MTL,7,27,207
500,Jacob Middleton,"MIN, S.J",D,27,1996-01-02,Wainwright,AB,CAN,CAN,75,219,2014,L.A,7,30,210
501,Matthew Highmore,VAN,C,27,1996-02-27,Halifax,NS,CAN,CAN,71,188,-,-,-,-,-
502,Bokondji Imama,ARI,L,27,1996-08-03,Montreal,QC,CAN,CAN,73,221,2015,T.B,6,29,180
503,Hayden Hodgson,PHI,R,27,1996-03-02,Windsor,ON,CAN,CAN,74,208,-,-,-,-,-
504,Darren Raddysh,T.B,D,27,1996-02-28,Toronto,ON,CAN,CAN,73,200,-,-,-,-,-
505,Dryden Hunt,NYR,L,28,1995-11-24,Cranbrook,BC,CAN,CAN,72,193,-,-,-,-,-
506,Andrew Mangiapane,CGY,L,27,1996-04-04,Toronto,ON,CAN,CAN,70,184,2015,CGY,6,15,166
507,Vladimir Tkachev,L.A,L,28,1995-10-05,Omsk,,RUS,RUS,69,170,-,-,-,-,-
508,Frank Vatrano,"FLA, NYR",C,29,1994-03-14,East Longmeadow,MA,USA,USA,71,197,-,-,-,-,-
509,Noah Hanifin,CGY,D,26,1997-01-25,Boston,MA,USA,USA,75,207,2015,CAR,1,5,5
510,Rasmus Andersson,CGY,D,27,1996-10-27,Malmö,,SWE,SWE,73,202,2015,CGY,2,23,53
511,Kyle Connor,WPG,L,27,1996-12-09,Shelby Twp.,MI,USA,USA,74,179,2015,WPG,1,17,17
512,Jonas Siegenthaler,N.J,D,26,1997-05-06,Zurich,,CHE,CHE,74,218,2015,WSH,2,27,57
513,Colin White,OTT,C,26,1997-01-30,Boston,MA,USA,USA,73,194,2015,OTT,1,21,21
514,Pavel Zacha,N.J,C,26,1997-04-06,Brno,,CZE,CZE,76,199,2015,N.J,1,6,6
515,Connor McDavid,EDM,C,26,1997-01-13,Richmond Hill,ON,CAN,CAN,73,193,2015,EDM,1,1,1
516,Jack Eichel,VGK,C,27,1996-10-28,North Chelmsford,MA,USA,USA,74,207,2015,BUF,1,2,2
517,Vince Dunn,SEA,D,27,1996-10-29,Mississauga,ON,CAN,CAN,72,200,2015,STL,2,26,56
518,Travis Dermott,"TOR, VAN",D,26,1996-12-22,Newmarket,ON,CAN,CAN,72,202,2015,TOR,2,4,34
519,Jordan Greenway,MIN,L,26,1997-02-16,Canton,NY,USA,USA,78,231,2015,MIN,2,20,50
520,Timo Meier,S.J,R,27,1996-10-08,Herisau,,CHE,CHE,73,220,2015,S.J,1,9,9
521,Jakub Zboril,BOS,D,26,1997-02-21,Brno,,CZE,CZE,73,201,2015,BOS,1,13,13
522,Erik Cernak,T.B,D,26,1997-05-28,Kosice,,SVK,SVK,76,224,2015,L.A,2,13,43
523,Mikko Rantanen,COL,R,27,1996-10-29,Nousiainen,,FIN,FIN,76,215,2015,COL,1,10,10
524,A.J. Greer,N.J,L,27,1996-12-14,Joliette,QC,CAN,CAN,75,208,2015,COL,2,9,39
525,Jansen Harkins,WPG,C,26,1997-05-23,Cleveland,OH,USA,USA,73,182,2015,WPG,2,17,47
526,Brendan Guhle,ANA,D,26,1997-07-29,Edmonton,AB,CAN,CAN,74,197,2015,BUF,2,21,51
527,Sebastian Aho,CAR,"C, R",26,1997-07-26,Rauma,,FIN,FIN,72,176,2015,CAR,2,5,35
528,Oliver Kylington,CGY,D,26,1997-05-19,Stockholm,,SWE,SWE,72,183,2015,CGY,2,30,60
529,Evgeny Svechnikov,WPG,L,27,1996-10-31,Yuzhno-Sakhalinsk,,RUS,RUS,75,208,2015,DET,1,19,19
530,Christian Fischer,ARI,R,26,1997-04-15,Chicago,IL,USA,USA,74,212,2015,ARI,2,2,32
531,Keegan Kolesar,VGK,R,26,1997-04-08,Brandon,MB,CAN,CAN,74,217,2015,CBJ,3,8,69
532,Thomas Novak,NSH,C,26,1997-04-28,St. Paul,MN,USA,USA,73,179,2015,NSH,3,24,85
533,Travis Konecny,PHI,"C, R",26,1997-03-11,London,ON,CAN,CAN,70,175,2015,PHI,1,24,24
534,Dylan Strome,CHI,C,26,1997-03-07,Mississauga,ON,CAN,CAN,75,200,2015,ARI,1,3,3
535,Cooper Marody,EDM,C,26,1996-12-20,Brighton,MI,USA,USA,72,184,2015,PHI,6,7,158
536,Brandon Carlo,BOS,D,27,1996-11-26,Colorado Springs,CO,USA,USA,78,218,2015,BOS,2,7,37
537,Brock Boeser,VAN,R,26,1997-02-25,Burnsville,MN,USA,USA,73,208,2015,VAN,1,23,23
538,Mathew Barzal,NYI,C,26,1997-05-26,Coquitlam,BC,CAN,CAN,73,190,2015,NYI,1,16,16
539,Glenn Gawdin,CGY,C,26,1997-03-25,Richmond,BC,CAN,CAN,73,191,2015,STL,4,25,116
540,Nick Merkley,S.J,R,26,1997-05-23,Calgary,AB,CAN,CAN,70,195,2015,ARI,1,30,30
541,Roope Hintz,DAL,"C, L",27,1996-11-17,Tampere,,FIN,FIN,75,215,2015,DAL,2,19,49
542,Ethan Bear,CAR,D,26,1997-06-26,Regina,SK,CAN,CAN,71,197,2015,EDM,5,3,124
543,Caleb Jones,CHI,D,26,1997-06-06,Arlington,TX,USA,USA,73,194,2015,EDM,4,26,117
544,Noah Juulsen,VAN,D,26,1997-04-02,Surrey,BC,CAN,CAN,74,201,2015,MTL,1,26,26
545,Jack Roslovic,CBJ,C,26,1997-01-29,Columbus,OH,USA,USA,73,200,2015,WPG,1,25,25
546,Zach Werenski,CBJ,D,26,1997-07-19,Grosse Pointe,MI,USA,USA,74,213,2015,CBJ,1,8,8
547,Nicolas Roy,VGK,C,26,1997-02-05,Amos,QC,CAN,CAN,76,202,2015,CAR,4,5,96
548,Anthony Beauvillier,NYI,L,26,1997-06-08,Sorel-Tracy,QC,CAN,CAN,71,180,2015,NYI,1,28,28
549,Guillaume Brisebois,VAN,D,26,1997-07-21,Longueuil,QC,CAN,CAN,74,175,2015,VAN,3,5,66
550,Daniel Sprong,"SEA, WSH",R,26,1997-03-17,Amsterdam,,NLD,NLD,72,202,2015,PIT,2,16,46
551,Nicolas Meloche,S.J,D,26,1997-07-18,LaSalle,QC,CAN,CAN,75,203,2015,COL,2,10,40
552,Jeremy Lauzon,"NSH, SEA",D,26,1997-04-28,Val D'or,QC,CAN,CAN,73,204,2015,BOS,2,22,52
553,Thomas Chabot,OTT,D,26,1997-01-30,Sainte-Marie,QC,CAN,CAN,74,195,2015,OTT,1,18,18
554,Mathieu Joseph,"OTT, T.B",R,26,1997-02-09,Laval,QC,CAN,CAN,73,187,2015,T.B,4,29,120
555,Lawson Crouse,ARI,L,26,1997-06-23,Mt. Brydges,ON,CAN,CAN,76,215,2015,FLA,1,11,11
556,Kyle Capobianco,ARI,D,26,1997-08-13,Mississauga,ON,CAN,CAN,74,201,2015,ARI,3,2,63
557,Mitchell Stephens,DET,C,26,1997-02-05,Peterborough,ON,CAN,CAN,71,190,2015,T.B,2,3,33
558,Blake Speers,ARI,C,26,1997-01-02,Sault Ste. Marie,ON,CAN,CAN,71,185,2015,N.J,3,6,67
559,Mitchell Marner,TOR,"C, R",26,1997-05-05,Markham,ON,CAN,CAN,72,181,2015,TOR,1,4,4
560,Zach Senyshyn,OTT,R,26,1997-03-30,Ottawa,ON,CAN,CAN,73,205,2015,BOS,1,15,15
561,Chase Pearson,DET,C,26,1997-08-23,Cornwall,ON,CAN,CAN,75,202,2015,DET,5,19,140
562,Jacob Larsson,ANA,D,26,1997-04-29,Ljungby,,SWE,SWE,74,193,2015,ANA,1,27,27
563,Joel Eriksson Ek,MIN,C,26,1997-01-29,Karlstad,,SWE,SWE,75,207,2015,MIN,1,20,20
564,Denis Gurianov,DAL,R,26,1997-06-07,Togliatti,,RUS,RUS,75,205,2015,DAL,1,12,12
565,Jake DeBrusk,BOS,L,27,1996-10-17,Edmonton,AB,CAN,CAN,72,197,2015,BOS,1,14,14
566,Ivan Provorov,PHI,D,26,1997-01-13,Yaroslavl,,RUS,RUS,73,201,2015,PHI,1,7,7
567,Gabriel Carlsson,CBJ,D,26,1997-01-02,Orebro,,SWE,SWE,77,195,2015,CBJ,1,29,29
568,John Marino,PIT,D,26,1997-05-21,Brockton,MA,USA,USA,73,181,2015,EDM,6,3,154
569,Yakov Trenin,NSH,C,26,1997-01-13,Chelyabinsk,,RUS,RUS,74,201,2015,NSH,2,25,55
570,Austin Czarnik,"NYI, SEA",C,31,1992-12-12,Detroit,MI,USA,USA,69,170,-,-,-,-,-
571,Anthony Cirelli,T.B,C,26,1997-07-15,Etobicoke,ON,CAN,CAN,72,189,2015,T.B,3,11,72
572,Tanner Kero,DAL,C,31,1992-07-24,Hancock,MI,USA,USA,72,185,-,-,-,-,-
573,Evan Rodrigues,PIT,C,30,1993-07-28,Toronto,ON,CAN,CAN,71,184,-,-,-,-,-
574,Artemi Panarin,NYR,L,32,1991-10-30,Korkino,,RUS,RUS,72,173,-,-,-,-,-
575,Dean Kukan,CBJ,D,30,1993-07-08,Volketswil,,CHE,CHE,74,190,-,-,-,-,-
576,Noel Acciari,FLA,C,32,1991-12-01,Johnston,RI,USA,USA,70,209,-,-,-,-,-
577,Derek Ryan,EDM,C,36,1986-12-29,Spokane,WA,USA,USA,70,185,-,-,-,-,-
578,Kevin Stenlund,CBJ,C,27,1996-09-20,Huddinge,,SWE,SWE,77,215,2015,CBJ,2,28,58
579,Lukas Vejdemo,MTL,C,27,1996-01-25,Stockholm,,SWE,SWE,73,198,2015,MTL,3,26,87
580,Will Borgen,SEA,D,26,1996-12-19,Moorhead,MN,USA,USA,75,204,2015,BUF,4,1,92
581,Colton White,N.J,D,26,1997-05-03,London,ON,CAN,CAN,73,187,2015,N.J,4,6,97
582,Christian Wolanin,"BUF, L.A",D,28,1995-03-17,Quebec City,QC,CAN,CAN,74,190,2015,OTT,4,16,107
583,Alexandre Carrier,NSH,D,27,1996-10-08,Quebec City,QC,CAN,CAN,71,174,2015,NSH,4,24,115
584,Conor Garland,VAN,R,27,1996-03-11,Scituate,MA,USA,USA,70,165,2015,ARI,5,2,123
585,Niko Mikkola,STL,D,27,1996-04-27,Finland,,FIN,FIN,76,209,2015,STL,5,6,127
586,Kirill Kaprizov,MIN,L,26,1997-04-26,Novokuznetsk,,RUS,RUS,70,202,2015,MIN,5,14,135
587,Dominik Simon,"ANA, PIT",C,29,1994-08-08,Prague,,CZE,CZE,71,190,2015,PIT,5,16,137
588,Christian Jaros,N.J,D,27,1996-04-02,Kosice,,SVK,SVK,75,222,2015,OTT,5,18,139
589,Rudolfs Balcers,S.J,L,26,1997-04-08,Latvia,,LVA,LVA,71,182,2015,S.J,5,21,142
590,Troy Terry,ANA,"C, R",26,1997-09-10,Denver,CO,USA,USA,72,185,2015,ANA,5,27,148
591,Adam Gaudette,"CHI, OTT",C,27,1996-10-03,Braintree,MA,USA,USA,73,194,2015,VAN,5,28,149
592,Brett Seney,TOR,L,27,1996-02-28,London,ON,CAN,CAN,69,156,2015,N.J,6,6,157
593,Vladislav Gavrikov,CBJ,D,28,1995-11-21,Yaroslavl,,RUS,RUS,75,221,2015,CBJ,6,8,159
594,Mason Appleton,"SEA, WPG",C,27,1996-01-15,Green Bay,WI,USA,USA,75,197,2015,WPG,6,17,168
595,Steven Lorentz,CAR,C,27,1996-04-13,Kitchener,ON,CAN,CAN,76,206,2015,CAR,7,5,186
596,Markus Nutivaara,FLA,D,29,1994-06-06,Oulu,,FIN,FIN,73,187,2015,CBJ,7,8,189
597,Matt Roy,L.A,D,28,1995-03-01,Detroit,MI,USA,USA,73,205,2015,L.A,7,13,194
598,Sami Niku,MTL,D,27,1996-10-10,Haapavesi,,FIN,FIN,73,176,2015,WPG,7,17,198
599,Kole Sherwood,NSH,R,26,1997-01-22,Columbus,OH,USA,USA,73,212,-,-,-,-,-
600,Lane Pederson,S.J,C,26,1997-08-04,Saskatoon,SK,CAN,CAN,72,192,-,-,-,-,-
601,Jalen Chatfield,CAR,D,27,1996-05-15,Ypsilanti,MI,USA,USA,73,188,-,-,-,-,-
602,Mason Marchment,FLA,L,28,1995-06-18,Uxbridge,ON,CAN,,76,210,-,-,-,-,-
603,Adam Brooks,"MTL, VGK, WPG",C,27,1996-05-06,Winnipeg,MB,CAN,CAN,72,179,2016,TOR,4,1,92
604,Philippe Myers,NSH,D,26,1997-01-25,Moncton,NB,CAN,CAN,78,219,-,-,-,-,-
605,Ryan Lomberg,FLA,L,29,1994-09-12,Richmond Hill,ON,CAN,CAN,69,187,-,-,-,-,-
606,Andrew Poturalski,CAR,C,29,1994-01-14,Williamsville,NY,USA,USA,70,183,-,-,-,-,-
607,Dan Renouf,DET,D,29,1994-06-01,Pickering,ON,CAN,CAN,73,198,-,-,-,-,-
608,Ethan Prow,BUF,D,31,1992-11-17,Sauk Rapids,MN,USA,USA,71,182,-,-,-,-,-
609,Kevin Rooney,NYR,C,30,1993-05-21,Canton,MA,USA,USA,74,190,-,-,-,-,-
610,Brandon Tanev,SEA,L,31,1991-12-31,Toronto,ON,CAN,CAN,72,189,-,-,-,-,-
611,Kyle Criscuolo,DET,C,31,1992-05-05,Southampton,NJ,USA,USA,69,175,-,-,-,-,-
612,Matthew Tkachuk,CGY,L,26,1997-12-11,Scottsdale,AZ,USA,USA,74,201,2016,CGY,1,6,6
613,Joey Anderson,TOR,R,25,1998-06-19,Roseville,MN,USA,USA,72,207,2016,N.J,3,12,73
614,Luke Kunin,NSH,C,26,1997-12-04,Chesterfield,MO,USA,USA,72,197,2016,MIN,1,15,15
615,Auston Matthews,TOR,C,26,1997-09-17,San Ramon,CA,USA,USA,75,208,2016,TOR,1,1,1
616,Maxime Lajoie,CAR,D,26,1997-11-05,Quebec City,QC,CAN,CAN,73,196,2016,OTT,5,12,133
617,Lucas Johansen,WSH,D,26,1997-11-16,Vancouver,BC,CAN,CAN,74,176,2016,WSH,1,28,28
618,Wade Allison,PHI,R,26,1997-10-14,Carman,MB,CAN,CAN,74,205,2016,PHI,2,22,52
619,Adam Fox,NYR,D,25,1998-02-17,Jericho,NY,USA,USA,71,182,2016,CGY,3,5,66
620,Ryan Lindgren,NYR,D,25,1998-02-11,Burnsville,MN,USA,USA,72,190,2016,BOS,2,19,49
621,Charlie McAvoy,BOS,D,25,1997-12-21,Long Beach,NY,USA,USA,73,209,2016,BOS,1,14,14
622,Julien Gauthier,NYR,R,26,1997-10-15,Pointe-aux-Trembles,QC,CAN,CAN,76,224,2016,CAR,1,21,21
623,Libor Hajek,NYR,D,25,1998-02-04,Smrcek,,CZE,CZE,74,209,2016,T.B,2,7,37
624,Rasmus Asplund,BUF,C,26,1997-12-03,Filipstad,,SWE,SWE,71,185,2016,BUF,2,3,33
625,Carl Grundstrom,L.A,R,26,1997-12-01,Umea,,SWE,SWE,72,195,2016,TOR,2,27,57
626,Alex DeBrincat,CHI,L,25,1997-12-18,Farmington Hills,MI,USA,USA,68,178,2016,CHI,2,9,39
627,Markus Niemelainen,EDM,D,25,1998-06-08,Kuopio,,FIN,FIN,78,190,2016,EDM,3,2,63
628,Patrik Laine,CBJ,L,25,1998-04-19,Tampere,,FIN,FIN,77,205,2016,WPG,1,2,2
629,Cam Dineen,ARI,D,25,1998-06-19,Toms River,NJ,USA,USA,71,188,2016,ARI,3,7,68
630,Clayton Keller,ARI,"C, R",25,1998-07-29,Chesterfield,MO,USA,USA,70,178,2016,ARI,1,7,7
631,Jesse Puljujarvi,EDM,R,25,1998-05-07,Alvkarleby,,SWE,FIN,76,201,2016,EDM,1,4,4
632,Jakob Chychrun,ARI,D,25,1998-03-31,Boca Raton,FL,USA,USA,74,220,2016,ARI,1,16,16
633,Dillon Dube,CGY,C,25,1998-07-20,Golden,AB,CAN,CAN,71,185,2016,CGY,2,26,56
634,Tyler Benson,EDM,L,25,1998-03-15,Edmonton,AB,CAN,CAN,72,190,2016,EDM,2,2,32
635,Kale Clague,"L.A, MTL",D,25,1998-06-05,Regina,SK,CAN,CAN,72,190,2016,L.A,2,21,51
636,Sam Steel,ANA,C,25,1998-02-03,Ardrossan,AB,CAN,CAN,71,184,2016,ANA,1,30,30
637,Brett Howden,VGK,C,25,1998-03-29,Calgary,AB,CAN,CAN,74,203,2016,T.B,1,27,27
638,Olli Juolevi,"DET, FLA",D,25,1998-05-05,Helsinki,,FIN,FIN,74,182,2016,VAN,1,5,5
639,Kieffer Bellows,NYI,L,25,1998-06-10,Edina,MN,USA,USA,73,195,2016,NYI,1,19,19
640,Beck Malenstyn,WSH,L,25,1998-02-04,Delta,BC,CAN,CAN,75,200,2016,WSH,5,24,145
641,Riley Tufte,DAL,L,25,1998-04-10,Coon Rapids,MN,USA,USA,78,230,2016,DAL,1,25,25
642,Tim Gettinger,NYR,L,25,1998-04-14,Cleveland,OH,USA,USA,78,222,2016,NYR,5,20,141
643,Trent Frederic,BOS,C,25,1998-02-11,St. Louis,MO,USA,USA,75,214,2016,BOS,1,29,29
644,Logan Brown,STL,C,25,1998-03-05,Raleigh,NC,USA,USA,78,218,2016,OTT,1,11,11
645,William Lockwood,VAN,R,25,1998-06-20,Royal Oak,MI,USA,USA,71,172,2016,VAN,3,3,64
646,Max Jones,ANA,L,25,1998-02-17,Rochester,MI,USA,USA,75,216,2016,ANA,1,24,24
647,Andrew Peeke,CBJ,D,25,1998-03-17,Parkland,FL,USA,USA,75,210,2016,CBJ,2,4,34
648,Tyson Jost,"COL, MIN",C,25,1998-03-14,St. Albert,AB,CAN,CAN,71,187,2016,COL,1,10,10
649,Dante Fabbro,NSH,D,25,1998-06-20,Coquitlam,BC,CAN,CAN,72,189,2016,NSH,1,17,17
650,Josh Mahura,ANA,D,25,1998-05-05,St. Albert,AB,CAN,CAN,72,185,2016,ANA,3,24,85
651,Jonathan Dahlen,S.J,C,25,1997-12-20,Ostersund,,SWE,SWE,71,180,2016,OTT,2,12,42
652,Victor Mete,OTT,D,25,1998-06-07,Woodbridge,ON,CAN,CAN,69,187,2016,MTL,4,9,100
653,Logan Stanley,WPG,D,25,1998-05-26,Waterloo,ON,CAN,CAN,79,242,2016,WPG,1,18,18
654,Givani Smith,DET,R,25,1998-02-28,Thornhill,ON,CAN,CAN,74,214,2016,DET,2,16,46
655,Connor Bunnaman,PHI,C,25,1998-04-16,Guelph,ON,CAN,CAN,73,207,2016,PHI,4,18,109
656,Boris Katchouk,"CHI, T.B",L,25,1998-06-18,Waterloo,ON,CAN,CAN,74,206,2016,T.B,2,14,44
657,Jordan Kyrou,STL,C,25,1998-05-05,Toronto,ON,CAN,CAN,73,196,2016,STL,2,5,35
658,Riley Stillman,CHI,D,25,1998-03-09,Peterborough,ON,CAN,CAN,73,196,2016,FLA,4,23,114
659,Taylor Raddysh,"CHI, T.B",R,25,1998-02-18,Caledon,ON,CAN,CAN,75,198,2016,T.B,2,28,58
660,Noah Gregor,S.J,C,25,1998-07-28,Beaumont,AB,CAN,CAN,72,190,2016,S.J,4,20,111
661,Dennis Cholowski,"SEA, WSH",D,25,1998-02-15,Langley,BC,CAN,CAN,74,210,2016,DET,1,20,20
662,Samuel Girard,COL,D,25,1998-05-12,Roberval,QC,CAN,CAN,70,170,2016,NSH,2,17,47
663,Pierre-Luc Dubois,WPG,L,25,1998-06-24,Ste-Agathe-Des-Monts,QC,CAN,CAN,76,214,2016,CBJ,1,3,3
664,Jake Bean,CBJ,D,25,1998-06-09,Calgary,AB,CAN,CAN,73,196,2016,CAR,1,13,13
665,Henrik Borgstrom,CHI,C,26,1997-08-06,Helsinki,,FIN,FIN,75,199,2016,FLA,1,23,23
666,Jesper Bratt,N.J,L,25,1998-07-30,Stockholm,,SWE,SWE,70,175,2016,N.J,6,11,162
667,Mikhail Sergachev,T.B,D,25,1998-06-25,Nizhnekamsk,,RUS,RUS,73,217,2016,MTL,1,9,9
668,Sean Day,T.B,D,25,1998-01-09,Leuven,,BEL,BEL,75,218,2016,NYR,3,20,81
669,Nathan Bastian,"N.J, SEA",R,26,1997-12-06,Kitchener,ON,CAN,CAN,76,205,2016,N.J,2,11,41
670,Michael McLeod,N.J,C,25,1998-02-03,Mississauga,ON,CAN,CAN,74,190,2016,N.J,1,12,12
671,Brett Murray,BUF,L,25,1998-07-20,Bolton,ON,CAN,CAN,77,228,2016,BUF,4,8,99
672,Tage Thompson,BUF,R,26,1997-10-30,Phoenix,AZ,USA,USA,78,220,2016,STL,1,26,26
673,Jacob Moverare,L.A,D,25,1998-08-31,Ostersund,,SWE,SWE,75,210,2016,L.A,4,21,112
674,Filip Hronek,DET,D,26,1997-11-02,Hradec Králové,,CZE,CZE,72,190,2016,DET,2,23,53
675,Jacob MacDonald,COL,D,30,1993-02-26,Portland,OR,USA,,72,204,-,-,-,-,-
676,Troy Stecher,"DET, L.A",D,29,1994-04-07,Richmond,BC,CAN,CAN,70,184,-,-,-,-,-
677,Anthony Greco,NYR,R,30,1993-09-30,Queens,NY,USA,USA,70,179,-,-,-,-,-
678,Nikita Zaitsev,OTT,D,32,1991-10-29,Moscow,,RUS,RUS,74,192,-,-,-,-,-
679,Drake Caggiula,BUF,C,29,1994-06-20,Pickering,ON,CAN,CAN,70,176,-,-,-,-,-
680,Michal Kempny,WSH,D,33,1990-09-08,Hodonin,,CZE,CZE,73,192,-,-,-,-,-
681,Janne Kuokkanen,N.J,"C, L",25,1998-05-25,Oulunsalo,,FIN,FIN,73,193,2016,CAR,2,13,43
682,Kasper Bjorkqvist,PIT,R,26,1997-07-10,Espoo,,FIN,FIN,73,198,2016,PIT,2,31,61
683,Rem Pitlick,"MIN, MTL",C,26,1997-04-02,Ottawa,ON,CAN,CAN,71,186,2016,NSH,3,15,76
684,Garrett Pilon,WSH,C,25,1998-04-13,Kindersley,SK,CAN,CAN,72,191,2016,WSH,3,26,87
685,Fredrik Karlstrom,DAL,C,25,1998-01-12,Stockholm,,SWE,SWE,75,200,2016,DAL,3,29,90
686,Brandon Duhaime,MIN,R,26,1997-05-22,Coral Springs,FL,USA,USA,74,200,2016,MIN,4,15,106
687,Lucas Carlsson,FLA,D,26,1997-07-05,Gävle,,SWE,SWE,72,189,2016,CHI,4,19,110
688,Ross Colton,T.B,C,27,1996-09-11,Robbinsville,NJ,USA,USA,72,194,2016,T.B,4,27,118
689,Otto Koivula,NYI,L,25,1998-09-01,Nokia,,FIN,FIN,77,225,2016,NYI,4,29,120
690,Linus Hogberg,PHI,D,25,1998-09-04,Stockholm,,SWE,SWE,73,176,2016,PHI,5,18,139
691,Axel Jonsson-Fjallby,WSH,L,25,1998-02-10,Stockholm,,SWE,SWE,73,189,2016,WSH,5,26,147
692,Brandon Hagel,"CHI, T.B",L,25,1998-08-27,Saskatoon,SK,CAN,CAN,74,179,2016,BUF,6,8,159
693,Michael Pezzetta,MTL,L,25,1998-03-13,Toronto,ON,CAN,CAN,73,210,2016,MTL,6,9,160
694,Oskar Steen,BOS,C,25,1998-03-09,Karlstad,,SWE,SWE,70,193,2016,BOS,6,14,165
695,Tanner Laczynski,PHI,C,26,1997-06-01,Minooka,IL,USA,USA,73,190,2016,PHI,6,18,169
696,Maxim Mamin,FLA,C,28,1995-01-13,Moscow,,RUS,RUS,74,206,2016,FLA,6,24,175
697,Mikhail Maltsev,COL,L,25,1998-03-12,St. Petersburg,,RUS,RUS,75,198,2016,N.J,4,11,102
698,Casey Fitzgerald,BUF,D,26,1997-02-25,North Reading,MA,USA,USA,71,188,2016,BUF,3,25,86
699,Dylan Gambrell,OTT,C,27,1996-08-26,Bonney Lake,WA,USA,USA,71,185,2016,S.J,2,30,60
700,Rhett Gardner,DAL,C,27,1996-02-28,Moose Jaw,SK,CAN,CAN,75,210,2016,DAL,4,25,116
701,Michael Eyssimont,WPG,C,27,1996-09-09,Littleton,CO,USA,USA,72,180,2016,L.A,5,21,142
702,Chase Priskie,FLA,D,27,1996-03-19,Pembroke Pines,FL,USA,USA,72,185,2016,WSH,6,26,177
703,Jeremy Davies,NSH,D,27,1996-12-04,St-Anne-de-Bellevue,QC,CAN,CAN,71,180,2016,N.J,7,11,192
704,Michael Carcone,ARI,L,27,1996-05-19,Ajax,ON,CAN,CAN,69,170,-,-,-,-,-
705,Dylan Coghlan,VGK,D,25,1998-02-19,Duncan,BC,CAN,CAN,74,208,-,-,-,-,-
706,Matt Luff,NSH,R,26,1997-05-05,Oakville,ON,CAN,CAN,74,196,-,-,-,-,-
707,Tanner Jeannot,NSH,L,26,1997-05-29,Estevan,SK,CAN,CAN,74,208,-,-,-,-,-
708,Mathieu Olivier,NSH,R,26,1997-02-11,Biloxi,MS,USA,USA,73,217,-,-,-,-,-
709,Trevor Moore,L.A,C,28,1995-03-31,Thousand Oaks,CA,USA,USA,70,195,-,-,-,-,-
710,Jeffrey Viel,S.J,L,26,1997-01-28,Rimouski,QC,CAN,CAN,74,205,-,-,-,-,-
711,Alex Barré-Boulet,"SEA, T.B",C,26,1997-05-21,Montmagny,QC,CAN,CAN,70,180,-,-,-,-,-
712,Kristians Rubins,TOR,D,26,1997-12-11,Jurmala,,LVA,LVA,77,227,-,-,-,-,-
713,Zack MacEwen,PHI,C,27,1996-07-08,Charlottetown,PE,CAN,CAN,75,205,-,-,-,-,-
714,Gerry Mayhew,"ANA, PHI",C,30,1992-12-31,Wyandotte,MI,USA,USA,69,161,-,-,-,-,-
715,Justin Danforth,CBJ,R,30,1993-03-15,Oshawa,ON,CAN,CAN,69,190,-,-,-,-,-
716,Zach Aston-Reese,"ANA, PIT","C, L",29,1994-08-10,Staten Island,NY,USA,USA,73,205,-,-,-,-,-
717,Gavin Bayreuther,CBJ,D,29,1994-05-12,Canaan,NH,USA,USA,73,196,-,-,-,-,-
718,Vinni Lettieri,ANA,C,28,1995-02-06,Excelsior,MN,USA,USA,70,184,-,-,-,-,-
719,Mason Shaw,MIN,C,25,1998-11-03,Lloydminster,AB,CAN,CAN,70,184,2017,MIN,4,4,97
720,Nolan Patrick,VGK,C,25,1998-09-19,Winnipeg,MB,CAN,CAN,74,201,2017,PHI,1,2,2
721,Juuso Valimaki,CGY,D,25,1998-10-06,Tampere,,FIN,FIN,74,205,2017,CGY,1,16,16
722,Kailer Yamamoto,EDM,R,25,1998-09-29,Spokane,WA,USA,USA,68,153,2017,EDM,1,22,22
723,Nicolas Hague,VGK,D,25,1998-12-05,Kitchener,ON,CAN,CAN,78,230,2017,VGK,2,3,34
724,Jonah Gadjovich,S.J,L,25,1998-10-12,Whitby,ON,CAN,CAN,74,209,2017,VAN,2,24,55
725,Conor Timmins,ARI,D,25,1998-09-18,St. Catharines,ON,CAN,CAN,74,202,2017,COL,2,1,32
726,Mario Ferraro,S.J,D,25,1998-09-17,Toronto,ON,CAN,CAN,72,209,2017,S.J,2,18,49
727,Cal Foote,T.B,D,25,1998-12-13,Denver,CO,USA,USA,77,224,2017,T.B,1,14,14
728,Cale Fleury,SEA,D,25,1998-11-19,Carlyle,SK,CAN,CAN,73,204,2017,MTL,3,25,87
729,Kole Lind,SEA,R,25,1998-10-16,Swift Current,SK,CAN,CAN,73,178,2017,VAN,2,2,33
730,Morgan Geekie,SEA,C,25,1998-07-20,Strathclair,MB,CAN,CAN,75,200,2017,CAR,3,5,67
731,Jake Leschyshyn,VGK,C,24,1999-03-10,Raleigh,NC,USA,USA,71,195,2017,VGK,2,31,62
732,Michael Rasmussen,DET,C,24,1999-04-17,Vancouver,BC,CAN,CAN,78,211,2017,DET,1,9,9
733,Jaret Anderson-Dolan,L.A,C,24,1999-09-12,Calgary,AB,CAN,CAN,71,200,2017,L.A,2,10,41
734,Cody Glass,NSH,C,24,1999-04-01,Winnipeg,MB,CAN,CAN,75,206,2017,VGK,1,6,6
735,Mikey Anderson,L.A,D,24,1999-05-25,Fridley,MN,USA,USA,72,195,2017,L.A,4,10,103
736,Casey Mittelstadt,BUF,C,25,1998-11-22,Edina,MN,USA,USA,73,195,2017,BUF,1,8,8
737,Urho Vaakanainen,"ANA, BOS",D,24,1999-01-01,Joensuu,,FIN,FIN,74,200,2017,BOS,1,18,18
738,Nico Hischier,N.J,C,24,1999-01-04,Brig,,CHE,CHE,73,175,2017,N.J,1,1,1
739,Jesper Boqvist,N.J,C,25,1998-10-30,Falun,,SWE,SWE,72,180,2017,N.J,2,5,36
740,Kristian Vesalainen,WPG,L,24,1999-06-01,Helsinki,,FIN,FIN,75,207,2017,WPG,1,24,24
741,Jonas Rondbjerg,VGK,R,24,1999-03-31,Horsholm,,DNK,DNK,74,203,2017,VGK,3,3,65
742,Adam Ruzicka,CGY,C,24,1999-05-11,Bratislava,,SVK,SVK,76,215,2017,CGY,4,16,109
743,Eeli Tolvanen,NSH,R,24,1999-04-22,Vihti,,FIN,FIN,70,191,2017,NSH,1,30,30
744,Klim Kostin,STL,C,24,1999-05-05,Penza,,RUS,RUS,75,215,2017,STL,1,31,31
745,Elias Pettersson,VAN,C,25,1998-11-12,Sundsvall,,SWE,SWE,74,176,2017,VAN,1,5,5
746,Gabriel Vilardi,L.A,C,24,1999-08-16,Kingston,ON,CAN,CAN,75,215,2017,L.A,1,11,11
747,Owen Tippett,"FLA, PHI",R,24,1999-02-16,Peterborough,ON,CAN,CAN,73,207,2017,FLA,1,10,10
748,Nick Suzuki,MTL,C,24,1999-08-10,London,ON,CAN,CAN,71,208,2017,VGK,1,13,13
749,Isaac Ratcliffe,PHI,L,24,1999-02-15,London,ON,CAN,CAN,78,200,2017,PHI,2,4,35
750,Jack Studnicka,BOS,C,24,1999-02-18,Windsor,ON,CAN,CAN,73,187,2017,BOS,2,22,53
751,Robert Thomas,STL,C,24,1999-07-02,Aurora,ON,CAN,CAN,72,218,2017,STL,1,20,20
752,MacKenzie Entwistle,CHI,R,24,1999-07-14,Georgetown,ON,CAN,CAN,75,184,2017,ARI,3,7,69
753,Jason Robertson,DAL,L,24,1999-07-22,Arcadia,CA,USA,USA,75,200,2017,DAL,2,8,39
754,Morgan Frost,PHI,C,24,1999-05-14,Aurora,ON,CAN,CAN,71,170,2017,PHI,1,27,27
755,Alex Formenton,OTT,L,24,1999-09-13,Barrie,ON,CAN,CAN,75,195,2017,OTT,2,16,47
756,Max Comtois,ANA,L,24,1999-01-08,Longueuil,QC,CAN,CAN,74,210,2017,ANA,2,19,50
757,Henri Jokiharju,BUF,D,24,1999-06-17,Oulu,,FIN,FIN,72,200,2017,CHI,1,29,29
758,Miro Heiskanen,DAL,D,24,1999-07-18,Espoo,,FIN,FIN,73,195,2017,DAL,1,3,3
759,Aleksi Heponiemi,FLA,C,24,1999-01-09,Tampere,,FIN,FIN,70,155,2017,FLA,2,9,40
760,Martin Necas,CAR,C,24,1999-01-15,Nove Mesto na Morave,,CZE,CZE,74,189,2017,CAR,1,12,12
761,Dmitri Samorukov,EDM,D,24,1999-06-16,Volgograd,,RUS,RUS,75,188,2017,EDM,3,22,84
762,Timothy Liljegren,TOR,D,24,1999-04-30,Kristianstad,,SWE,SWE,73,192,2017,TOR,1,17,17
763,Dylan Samberg,WPG,D,24,1999-01-24,Saginaw,MN,USA,USA,76,219,2017,WPG,2,12,43
764,Sasha Chmelevski,S.J,C,24,1999-06-09,Newport Beach,CA,USA,USA,72,188,2017,S.J,6,30,185
765,Reilly Walsh,N.J,D,24,1999-04-21,Framingham,MA,USA,USA,72,185,2017,N.J,3,19,81
766,Jack Rathbone,VAN,D,24,1999-05-20,Boston,MA,USA,USA,70,177,2017,VAN,4,2,95
767,Pierre-Olivier Joseph,PIT,D,24,1999-07-01,Laval,QC,CAN,CAN,74,185,2017,ARI,1,23,23
768,Scott Reedy,S.J,C,24,1999-04-04,Prior Lake,MN,USA,USA,74,205,2017,S.J,4,9,102
769,Josh Norris,OTT,C,24,1999-05-05,Oxford,MI,USA,USA,74,195,2017,S.J,1,19,19
770,Ryan Poehling,MTL,C,24,1999-01-03,Lakeville,MN,USA,USA,74,196,2017,MTL,1,25,25
771,Cale Makar,COL,D,25,1998-10-30,Calgary,AB,CAN,CAN,71,187,2017,COL,1,4,4
772,Ian Mitchell,CHI,D,24,1999-01-18,St. Albert,AB,CAN,CAN,71,193,2017,CHI,2,26,57
773,Robin Salo,NYI,D,25,1998-10-13,Espoo,,FIN,FIN,74,190,2017,NYI,2,15,46
774,Lias Andersson,L.A,C,25,1998-10-13,Smogen,,SWE,SWE,73,185,2017,NYR,1,7,7
775,Erik Brannstrom,OTT,D,24,1999-09-02,Eksjo,,SWE,SWE,70,185,2017,VGK,1,15,15
776,Alexandre Texier,CBJ,C,24,1999-09-13,St. Martin D'heres,,FRA,FRA,73,186,2017,CBJ,2,14,45
777,Filip Chytil,NYR,C,24,1999-09-05,Kromeriz,,CZE,CZE,74,204,2017,NYR,1,21,21
778,C.J. Smith,CAR,L,29,1994-12-01,Des Moines,IA,USA,USA,71,191,-,-,-,-,-
779,Mike Vecchione,WSH,R,30,1993-02-25,Saugus,MA,USA,USA,70,193,-,-,-,-,-
780,Alex Iafallo,L.A,L,29,1993-12-21,Eden,NY,USA,USA,72,200,-,-,-,-,-
781,David Kampf,TOR,C,28,1995-01-12,Chomutov,,CZE,CZE,74,197,-,-,-,-,-
782,Neal Pionk,WPG,D,28,1995-07-29,Hermantown,MN,USA,USA,72,185,-,-,-,-,-
783,Calle Rosen,STL,D,29,1994-02-02,Vaxjo,,SWE,SWE,73,188,-,-,-,-,-
784,Radim Simek,S.J,D,31,1992-09-20,Mlada Boleslav,,CZE,CZE,72,204,-,-,-,-,-
785,Jan Rutta,T.B,D,33,1990-07-29,Písek,,CZE,CZE,75,204,-,-,-,-,-
786,Gustav Lindstrom,DET,D,25,1998-10-20,Ostervala,,SWE,SWE,74,186,2017,DET,2,7,38
787,Eetu Luostarinen,FLA,C,25,1998-09-02,Siilinjarvi,,FIN,FIN,75,190,2017,CAR,2,11,42
788,Fabian Zetterlund,N.J,L,24,1999-08-25,Karlstad,,SWE,SWE,71,220,2017,N.J,3,1,63
789,Johnathan Kovacevic,WPG,D,26,1997-07-12,Niagara Falls,ON,CAN,CAN,76,208,2017,WPG,3,12,74
790,Jacob Bryson,BUF,D,26,1997-11-18,London,ON,CAN,CAN,69,176,2017,BUF,4,6,99
791,Emil Bemstrom,CBJ,C,24,1999-06-01,Nykoping,,SWE,SWE,72,195,2017,CBJ,4,24,117
792,Drake Batherson,OTT,R,25,1998-04-27,Fort Wayne,IN,USA,USA,75,200,2017,OTT,4,28,121
793,Jacob Peterson,DAL,C,24,1999-07-19,Lidkoping,,SWE,SWE,73,180,2017,DAL,5,8,132
794,Noah Cates,PHI,L,24,1999-02-05,Stillwater,MN,USA,USA,73,165,2017,PHI,5,13,137
795,Sebastian Aho,NYI,D,27,1996-02-17,Umea,,SWE,SWE,70,186,2017,NYI,5,15,139
796,Marian Studenic,"DAL, N.J","L, R",25,1998-10-28,Skalica,,SVK,SVK,73,190,2017,N.J,5,19,143
797,Jakub Galvas,CHI,D,24,1999-06-15,Ostrava,,CZE,CZE,71,161,2017,CHI,5,26,150
798,Ben Jones,VGK,C,24,1999-02-26,Waterloo,ON,CAN,CAN,72,187,2017,VGK,7,3,189
799,Alexei Toropchenko,STL,R,24,1999-06-25,Moscow,,RUS,RUS,78,222,2017,STL,4,20,113
800,Morgan Barron,"NYR, WPG",C,25,1998-12-02,Halifax,NS,CAN,CAN,76,220,2017,NYR,6,19,174
801,Carson Meyer,CBJ,R,26,1997-08-18,Powell,OH,USA,USA,71,184,-,-,-,-,-
802,Wyatt Kalynuk,CHI,D,26,1997-04-14,Brandon,MB,CAN,CAN,73,180,2017,PHI,7,10,196
803,Jayden Halbgewachs,S.J,L,26,1997-03-22,Regina,SK,CAN,CAN,68,160,-,-,-,-,-
804,Grant Hutton,NYI,D,28,1995-07-25,Carmel,IN,USA,USA,76,214,-,-,-,-,-
805,Sheldon Dries,VAN,C,29,1994-04-23,Macomb Township,WI,USA,USA,69,180,-,-,-,-,-
806,Sean Walker,L.A,D,29,1994-11-13,Keswick,ON,CAN,CAN,71,195,-,-,-,-,-
807,Mark Kastelic,OTT,C,24,1999-03-11,Phoenix,AZ,USA,,75,233,2019,OTT,5,1,125
808,Alexander True,SEA,C,26,1997-07-17,Kobenhavn,,DNK,DNK,77,200,-,-,-,-,-
809,Sean Durzi,L.A,D,25,1998-10-21,Mississauga,ON,CAN,CAN,72,195,2018,TOR,2,21,52
810,Trey Fix-Wolansky,CBJ,R,24,1999-05-26,Edmonton,AB,CAN,CAN,67,191,2018,CBJ,7,18,204
811,Kristian Reichel,WPG,C,25,1998-06-11,Most,,CZE,CZE,72,168,-,-,-,-,-
812,Parker Kelly,OTT,"C, L",24,1999-05-14,Camrose,AB,CAN,CAN,72,190,-,-,-,-,-
813,Pius Suter,DET,C,27,1996-05-24,Zurich,,CHE,CHE,71,179,-,-,-,-,-
814,Joey Keane,CAR,D,24,1999-07-02,Chicago,IL,USA,USA,72,187,2018,NYR,3,26,88
815,Austin Strand,L.A,D,26,1997-02-17,Calgary,AB,CAN,,75,215,-,-,-,-,-
816,Zach Whitecloud,VGK,D,27,1996-11-28,Brandon,MB,CAN,CAN,74,207,-,-,-,-,-
817,Kiefer Sherwood,COL,L,28,1995-03-31,Columbus,OH,USA,USA,72,194,-,-,-,-,-
818,Eric Robinson,CBJ,L,28,1995-06-14,BELLMAWR,NJ,USA,USA,74,205,-,-,-,-,-
819,Sheldon Rempal,VAN,R,28,1995-08-07,Calgary,AB,CAN,CAN,70,165,-,-,-,-,-
820,Oliver Wahlstrom,NYI,R,23,2000-06-13,Portland,ME,USA,USA,74,204,2018,NYI,1,11,11
821,Martin Fehervary,WSH,D,24,1999-10-06,Bratislava,,SVK,SVK,74,199,2018,WSH,2,15,46
822,Joel Farabee,PHI,L,23,2000-02-25,Syracuse,NY,USA,USA,72,183,2018,PHI,1,14,14
823,Philipp Kurashev,CHI,C,24,1999-10-12,Munsingen,,CHE,CHE,72,190,2018,CHI,4,27,120
824,Quinn Hughes,VAN,D,24,1999-10-14,Orlando,FL,USA,USA,70,180,2018,VAN,1,7,7
825,Brady Tkachuk,OTT,L,24,1999-09-16,Scottsdale,AZ,USA,USA,76,221,2018,OTT,1,4,4
826,Ryan McLeod,EDM,C,24,1999-09-21,Mississauga,ON,CAN,CAN,74,207,2018,EDM,2,9,40
827,Evan Bouchard,EDM,D,24,1999-10-20,Oakville,ON,CAN,CAN,75,194,2018,EDM,1,10,10
828,Isac Lundestrom,ANA,C,24,1999-11-06,Gallivare,,SWE,SWE,72,193,2018,ANA,1,23,23
829,Mattias Samuelsson,BUF,D,23,2000-03-14,Philadelphia,PA,USA,USA,76,231,2018,BUF,2,1,32
830,Joe Veleno,DET,C,23,2000-01-13,Montreal,QC,CAN,CAN,73,203,2018,DET,1,30,30
831,Nicolas Beaudin,CHI,D,24,1999-10-09,Chateauguay,QC,CAN,CAN,71,168,2018,CHI,1,27,27
832,K'Andre Miller,NYR,D,23,2000-01-21,St. Paul,MN,USA,USA,77,215,2018,NYR,1,22,22
833,Filip Zadina,DET,R,24,1999-11-27,Pardubice,,CZE,CZE,72,190,2018,DET,1,6,6
834,Martin Kaut,COL,R,24,1999-10-02,Brno,,CZE,CZE,74,190,2018,COL,1,16,16
835,Alexander Alexeyev,WSH,D,24,1999-11-15,St. Petersburg,,RUS,RUS,76,213,2018,WSH,1,31,31
836,Jesperi Kotkaniemi,CAR,C,23,2000-07-06,Pori,,FIN,FIN,74,201,2018,MTL,1,3,3
837,Andrei Svechnikov,CAR,R,23,2000-03-26,Barnual,,RUS,RUS,74,195,2018,CAR,1,2,2
838,Alec Regula,CHI,D,23,2000-08-06,West Bloomfield,MI,USA,USA,76,208,2018,DET,3,5,67
839,Jack Drury,CAR,C,23,2000-02-03,New York,NY,USA,USA,71,174,2018,CAR,2,11,42
840,Rasmus Dahlin,BUF,D,23,2000-04-13,Trollhattan,,SWE,SWE,75,202,2018,BUF,1,1,1
841,Filip Hallander,PIT,C,23,2000-06-29,Sundsvall,,SWE,SWE,73,190,2018,PIT,2,27,58
842,Grigori Denisenko,FLA,L,23,2000-06-24,Novosibirsk,,RUS,RUS,71,186,2018,FLA,1,15,15
843,Rasmus Kupari,L.A,C,23,2000-03-15,Kotka,,FIN,FIN,74,200,2018,L.A,1,20,20
844,Sampo Ranta,COL,L,23,2000-05-31,Naantali,,FIN,FIN,74,195,2018,COL,3,16,78
845,Ryan Merkley,S.J,D,23,2000-08-14,Oakville,ON,CAN,CAN,72,186,2018,S.J,1,21,21
846,Ty Dellandrea,DAL,C,23,2000-07-21,Toronto,ON,CAN,CAN,73,195,2018,DAL,1,13,13
847,Barrett Hayton,ARI,C,23,2000-06-09,Peterborough,ON,CAN,CAN,73,207,2018,ARI,1,5,5
848,Liam Foudy,CBJ,C,23,2000-02-04,Toronto,ON,CAN,CAN,74,188,2018,CBJ,1,18,18
849,Jack McBain,ARI,C,23,2000-01-06,Toronto,ON,CAN,CAN,75,201,2018,MIN,3,1,63
850,Cameron Hillis,MTL,C,23,2000-06-24,Oshawa,ON,CAN,CAN,69,175,2018,MTL,3,4,66
851,Kevin Bahl,N.J,D,23,2000-06-27,New Westminster,BC,CAN,CAN,78,230,-,-,-,-,-
852,Gabriel Fortier,T.B,L,23,2000-02-06,Lachine,QC,CAN,CAN,70,177,2018,T.B,2,28,59
853,Noah Dobson,NYI,D,23,2000-01-07,Summerside,PE,CAN,CAN,76,194,2018,NYI,1,12,12
854,Benoit-Olivier Groulx,ANA,C,23,2000-02-06,Gatineau,QC,CAN,CAN,74,200,2018,ANA,2,23,54
855,Adam Boqvist,CBJ,D,23,2000-08-15,Falun,,SWE,SWE,72,182,2018,CHI,1,8,8
856,Rasmus Sandin,TOR,D,23,2000-03-07,Uppsala,,SWE,SWE,71,182,2018,TOR,1,29,29
857,Nils Lundkvist,NYR,D,23,2000-07-27,Pitea,,SWE,SWE,71,190,2018,NYR,1,28,28
858,Jacob Bernard-Docker,OTT,D,23,2000-06-30,Canmore,AB,CAN,CAN,72,190,2018,OTT,1,26,26
859,Ty Smith,N.J,D,23,2000-03-24,Lloydminster,AB,CAN,CAN,71,180,2018,N.J,1,17,17
860,Calen Addison,MIN,D,23,2000-04-11,Brandon,MB,CAN,CAN,71,173,2018,PIT,2,22,53
861,Jordan Harris,MTL,D,23,2000-07-07,Haverhill,MA,USA,USA,71,189,2018,MTL,3,9,71
862,Jan Jenik,ARI,R,23,2000-09-15,Nymburk,,CZE,CZE,73,185,2018,ARI,3,3,65
863,Karson Kuhlman,"BOS, SEA",C,28,1995-09-26,Esko,MN,USA,USA,70,184,-,-,-,-,-
864,Jordan Gross,COL,D,28,1995-05-09,Maple Grove,MN,USA,USA,70,190,-,-,-,-,-
865,Juuso Riikola,PIT,D,30,1993-11-09,Joensuu,,FIN,,72,189,-,-,-,-,-
866,Ilya Lyubushkin,"ARI, TOR",D,29,1994-04-06,Moscow,,RUS,RUS,74,200,-,-,-,-,-
867,Nathan Smith,ARI,C,25,1998-10-19,Tampa,FL,USA,USA,72,177,2018,WPG,3,29,91
868,Connor Dewar,MIN,C,24,1999-06-26,Gilbert Plains,MB,CAN,CAN,70,183,2018,MIN,3,30,92
869,Riley Damiani,DAL,C,23,2000-03-20,Mississauga,ON,CAN,CAN,70,180,2018,DAL,5,13,137
870,Declan Chisholm,WPG,D,23,2000-01-12,Bowmanville,ON,CAN,CAN,73,185,2018,WPG,5,26,150
871,Hunter Drew,ANA,D,25,1998-10-21,Kingston,ON,CAN,CAN,74,191,2018,ANA,6,23,178
872,Josiah Slavin,CHI,L,24,1998-12-31,Erie,CO,USA,USA,75,189,2018,CHI,7,7,193
873,Alexander Romanov,MTL,D,23,2000-01-06,Moscow,,RUS,RUS,73,215,2018,MTL,2,7,38
874,David Gustafsson,WPG,C,23,2000-04-11,Tingsryd,,SWE,SWE,74,212,2018,WPG,2,29,60
875,Paul Cotter,VGK,C,24,1999-11-16,Canton,MI,USA,USA,74,212,2018,VGK,4,22,115
876,Jesse Ylonen,MTL,R,24,1999-10-03,Scottsdale,AZ,USA,USA,73,188,2018,MTL,2,4,35
877,Scott Perunovich,STL,D,25,1998-08-18,Hibbing,MN,USA,USA,70,175,2018,STL,2,14,45
878,Jasper Weatherby,S.J,C,25,1998-01-22,Portland,OR,USA,USA,76,222,2018,S.J,4,9,102
879,Yegor Sharangovich,N.J,C,25,1998-06-06,Minsk,,BLR,BLR,74,196,2018,N.J,5,17,141
880,John Leonard,S.J,L,25,1998-08-07,Westwood,NJ,USA,USA,71,196,2018,S.J,6,27,182
881,Rafael Harvey-Pinard,MTL,L,24,1999-01-06,Saguenay,QC,CAN,CAN,69,181,2019,MTL,7,15,201
882,Egor Sokolov,OTT,L,23,2000-06-07,Yekaterinburg,,RUS,RUS,75,222,-,-,-,-,-
883,Simon Benoit,ANA,D,25,1998-09-19,Laval,QC,CAN,CAN,75,203,-,-,-,-,-
884,Cole Reinhardt,OTT,L,23,2000-02-01,Calgary,AB,CAN,CAN,72,200,2020,OTT,6,26,181
885,Reese Johnson,CHI,C,25,1998-07-10,Regina,SK,CAN,CAN,73,193,-,-,-,-,-
886,Jake Christiansen,CBJ,D,24,1999-09-12,West Vancouver,BC,CAN,CAN,72,193,-,-,-,-,-
887,Brayden Pachal,VGK,D,24,1999-08-23,Estevan,SK,CAN,CAN,74,203,-,-,-,-,-
888,Egor Zamula,PHI,D,23,2000-03-30,Chelyabinsk,,RUS,RUS,75,177,-,-,-,-,-
889,Logan O'Connor,COL,R,27,1996-08-14,Missouri City,TX,USA,USA,72,175,-,-,-,-,-
890,Samuel Fagemo,L.A,L,23,2000-03-14,Goteborg,,SWE,SWE,72,200,2019,L.A,2,19,50
891,Taro Hirose,DET,L,27,1996-06-30,Calgary,AB,CAN,CAN,70,162,-,-,-,-,-
892,Joe Snively,WSH,C,27,1996-01-01,Herndon,VA,USA,USA,69,176,-,-,-,-,-
893,Corey Schueneman,MTL,D,28,1995-09-02,Milford,MI,USA,USA,71,197,-,-,-,-,-
894,Nico Sturm,"COL, MIN",C,28,1995-05-03,Augsburg,,DEU,DEU,75,209,-,-,-,-,-
895,Blake Lizotte,L.A,C,26,1997-12-13,Lindstrom,MN,USA,USA,69,170,-,-,-,-,-
896,Jon Lizotte,MIN,D,29,1994-11-10,Grand Forks,ND,USA,USA,73,212,-,-,-,-,-
897,Brett Leason,WSH,R,24,1999-04-30,Calgary,AB,CAN,CAN,77,218,2019,WSH,2,25,56
898,Nolan Foote,N.J,L,23,2000-11-29,Denver,CO,USA,USA,75,196,2019,T.B,1,27,27
899,Ronnie Attard,PHI,D,24,1999-03-20,White Lake,MI,USA,USA,75,208,2019,PHI,3,10,72
900,Peyton Krebs,"BUF, VGK",C,22,2001-01-26,Calgary,AB,CAN,CAN,72,187,2019,VGK,1,17,17
901,Kirby Dach,CHI,C,22,2001-01-21,Fort Saskatchewan,AB,CAN,CAN,76,212,2019,CHI,1,3,3
902,Bowen Byram,COL,D,22,2001-06-13,Cranbrook,BC,CAN,CAN,73,190,2019,COL,1,4,4
903,Kaedan Korczak,VGK,D,22,2001-01-29,Yorkton,SK,CAN,CAN,75,202,2019,VGK,2,10,41
904,Dylan Cozens,BUF,C,22,2001-02-09,Whitehorse,YT,CAN,CAN,75,195,2019,BUF,1,7,7
905,Brayden Tracey,ANA,L,22,2001-05-28,Calgary,AB,CAN,CAN,72,177,2019,ANA,1,29,29
906,Alex Turcotte,L.A,C,22,2001-02-26,Elk Grove,IL,USA,USA,71,185,2019,L.A,1,5,5
907,Trevor Zegras,ANA,C,22,2001-03-20,Bedford,NY,USA,USA,72,185,2019,ANA,1,9,9
908,Nils Hoglander,VAN,L,22,2000-12-20,BOCKTRäSK,,SWE,SWE,69,185,2019,VAN,2,9,40
909,Nikita Okhotiuk,N.J,D,23,2000-12-04,Chelyabinsk,,RUS,RUS,73,195,2019,N.J,2,30,61
910,Cole Caufield,MTL,R,22,2001-01-02,Mosinee,WI,USA,USA,67,174,2019,MTL,1,15,15
911,Moritz Seider,DET,D,22,2001-04-06,Zell,,DEU,DEU,76,204,2019,DET,1,6,6
912,Cam York,PHI,D,22,2001-01-05,Anaheim,CA,USA,USA,71,175,2019,PHI,1,14,14
913,Adam Beckman,MIN,L,22,2001-05-10,Saskatoon,SK,CAN,CAN,74,182,2019,MIN,3,13,75
914,Artemi Kniazev,S.J,D,22,2001-01-04,Kazan,,RUS,RUS,71,178,2019,S.J,2,17,48
915,Bobby Brink,PHI,R,22,2001-07-08,Minnetonka,MN,USA,USA,68,166,2019,PHI,2,3,34
916,Kaapo Kakko,NYR,R,22,2001-02-13,Turku,,FIN,FIN,74,206,2019,NYR,1,2,2
917,Mattias Norlinder,MTL,D,23,2000-04-12,Kramfors,,SWE,SWE,72,185,2019,MTL,3,2,64
918,Matt Boldy,MIN,L,22,2001-04-05,Milford,MA,USA,USA,74,201,2019,MIN,1,12,12
919,Jack Hughes,N.J,C,22,2001-05-14,Orlando,FL,USA,USA,71,175,2019,N.J,1,1,1
920,Arthur Kaliyev,L.A,R,22,2001-06-26,New York City,,USA,USA,74,210,2019,L.A,2,2,33
921,Alex Vlasic,CHI,D,22,2001-06-05,Wilmette,IL,USA,USA,78,199,2019,CHI,2,12,43
922,Ville Heinola,WPG,D,22,2001-02-03,Honkajoki,,FIN,FIN,71,181,2019,WPG,1,20,20
923,Lassi Thomson,OTT,D,23,2000-09-24,Tampere,,FIN,FIN,72,190,2019,OTT,1,19,19
924,Philip Tomasino,NSH,C,22,2001-07-28,Mississauga,ON,CAN,CAN,72,179,2019,NSH,1,24,24
925,Connor McMichael,WSH,C,22,2001-01-15,Ajax,ON,CAN,CAN,72,180,2019,WSH,1,25,25
926,Thomas Harley,DAL,D,22,2001-08-19,Syracuse,NY,USA,USA,75,205,2019,DAL,1,18,18
927,Nicholas Robertson,TOR,L,22,2001-09-11,Pasadena,CA,USA,USA,69,183,2019,TOR,2,22,53
928,Shane Pinto,OTT,C,23,2000-11-12,Franklin Square,NY,USA,USA,75,201,2019,OTT,2,1,32
929,Philip Broberg,EDM,D,22,2001-06-25,Orebro,,SWE,SWE,75,199,2019,EDM,1,8,8
930,Victor Soderstrom,ARI,D,22,2001-02-26,Gavle,,SWE,SWE,71,184,2019,ARI,1,11,11
931,Tobias Bjornfot,L.A,D,22,2001-04-06,Upplands Vasby,,SWE,SWE,72,200,2019,L.A,1,22,22
932,Pavel Dorofeyev,VGK,L,23,2000-10-26,Nizhny Tagil,,RUS,RUS,73,194,2019,VGK,3,17,79
933,Jordan Spence,L.A,D,22,2001-02-24,Manly,,AUS,AUS,70,180,2019,L.A,4,2,95
934,Vladislav Kolyachonok,ARI,D,22,2001-05-26,Minsk,,BLR,BLR,73,193,2019,FLA,2,21,52
935,Vasily Podkolzin,VAN,R,22,2001-06-24,Moscow,,RUS,RUS,73,190,2019,VAN,1,10,10
936,Alex Newhook,COL,C,22,2001-01-28,St. John's,NL,CAN,CAN,70,190,2019,COL,1,16,16
937,Ilya Mikheyev,TOR,R,29,1994-10-10,Omsk,,RUS,RUS,74,192,-,-,-,-,-
938,Arttu Ruotsalainen,BUF,C,26,1997-10-29,Oulu,,FIN,FIN,68,187,-,-,-,-,-
939,Joel Kiviranta,DAL,L,27,1996-03-23,Vantaa,,FIN,FIN,71,185,-,-,-,-,-
940,Cole Schwindt,FLA,C,22,2001-04-25,Kitchener,ON,CAN,CAN,74,182,2019,FLA,3,19,81
941,Aliaksei Protas,WSH,C,22,2001-01-06,VITEBSK,,BLR,BLR,78,225,2019,WSH,3,29,91
942,Viktor Lodin,OTT,C,24,1999-06-02,,,SWE,SWE,74,185,2019,OTT,4,1,94
943,Santeri Hatakka,S.J,D,22,2001-01-15,Riihimaki,,FIN,FIN,73,191,2019,S.J,6,29,184
944,Valtteri Puustinen,PIT,R,24,1999-06-04,Kuopio,,FIN,FIN,69,183,2019,PIT,7,17,203
945,Zac Jones,NYR,D,23,2000-10-18,Richmond,VA,USA,USA,70,178,2019,NYR,3,6,68
946,Matias Maccelli,ARI,L,23,2000-10-14,Turku,,FIN,FIN,71,176,2019,ARI,4,5,98
947,Nicholas Abruzzese,TOR,C,24,1999-06-04,Slate Hill,NY,USA,USA,71,183,2019,TOR,4,31,124
948,Tyce Thompson,N.J,R,24,1999-07-12,Calgary,AB,CAN,CAN,73,175,2019,N.J,4,3,96
949,Bryce Kindopp,ANA,R,24,1999-06-14,Lloydminster,AB,CAN,CAN,73,185,-,-,-,-,-
950,Ben McCartney,ARI,L,22,2001-07-13,Portage la Prairie,MB,CAN,CAN,72,182,2020,ARI,7,18,204
951,Zachary Hayes,VGK,D,24,1999-04-24,Calgary,AB,CAN,CAN,75,219,-,-,-,-,-
952,Drew O'Connor,PIT,L,25,1998-06-09,Chatham,NJ,USA,USA,75,200,-,-,-,-,-
953,Brandon Biro,BUF,L,25,1998-03-11,Sherwood Park,AB,CAN,CAN,71,170,-,-,-,-,-
954,Cole Smith,NSH,L,28,1995-10-28,Brainerd,MN,USA,USA,75,195,-,-,-,-,-
955,Connor Mackey,CGY,D,27,1996-09-12,Tower Lakes,IL,USA,USA,74,197,-,-,-,-,-
956,Mitchell Chaffee,MIN,R,25,1998-01-26,Rockford,MI,USA,USA,73,201,-,-,-,-,-
957,Jack Ahcan,BOS,D,26,1997-05-18,Savage,MN,USA,USA,68,180,-,-,-,-,-
958,Braden Schneider,NYR,D,22,2001-09-20,Prince Albert,SK,CAN,CAN,75,208,2020,NYR,1,19,19
959,Lucas Raymond,DET,L,21,2002-03-28,Gothenburg,,SWE,SWE,71,176,2020,DET,1,4,4
960,Marco Rossi,MIN,C,22,2001-09-23,Feldkirch,,AUT,AUT,69,182,2020,MIN,1,9,9
961,Jake Neighbours,STL,L,21,2002-03-29,Calgary,AB,CAN,CAN,72,201,2020,STL,1,26,26
962,Seth Jarvis,CAR,C,21,2002-02-01,Winnipeg,MB,CAN,CAN,70,175,2020,CAR,1,13,13
963,Jack Quinn,BUF,R,22,2001-09-19,Ottawa,ON,CAN,CAN,73,185,2020,BUF,1,8,8
964,Alexis Lafrenière,NYR,L,22,2001-10-11,St-Eustache,QC,CAN,CAN,73,195,2020,NYR,1,1,1
965,Dawson Mercer,N.J,C,22,2001-10-27,Carbonear,NL,CAN,CAN,72,180,2020,N.J,1,18,18
966,Justin Barron,"COL, MTL",D,22,2001-11-15,Halifax,NS,CAN,CAN,74,201,2020,COL,1,25,25
967,Anton Lundell,FLA,C,22,2001-10-03,Espoo,,FIN,FIN,73,185,2020,FLA,1,12,12
968,Tim Stützle,OTT,L,21,2002-01-15,Viersen,,DEU,DEU,72,193,2020,OTT,1,3,3
969,Lukas Reichel,CHI,L,21,2002-05-17,Nürnberg,,DEU,DEU,72,170,2020,CHI,1,17,17
970,Quinton Byfield,L.A,C,21,2002-08-19,Newmarket,ON,CAN,CAN,77,220,2020,L.A,1,2,2
971,Alexander Holtz,N.J,R,21,2002-01-23,Stockholm,,SWE,SWE,72,195,2020,N.J,1,7,7
972,Thomas Bordeleau,S.J,C,21,2002-01-03,Houston,TX,USA,USA,70,175,2020,S.J,2,7,38
973,Jamie Drysdale,ANA,D,21,2002-04-08,Toronto,ON,CAN,CAN,71,183,2020,ANA,1,6,6
974,Hendrix Lapierre,WSH,C,21,2002-02-09,Gatineau,QC,CAN,CAN,72,180,2020,WSH,1,22,22
975,Cole Perfetti,WPG,C,21,2002-01-01,Whitby,ON,CAN,CAN,71,184,2020,WPG,1,10,10
976,Jacob Perreault,ANA,R,21,2002-04-15,Montréal,QC,CAN,CAN,71,192,2020,ANA,1,27,27
977,JJ Peterka,BUF,R,21,2002-01-14,Munich,,DEU,DEU,72,189,2020,BUF,2,3,34
978,Isaak Phillips,CHI,D,22,2001-09-28,Barrie,ON,CAN,CAN,75,205,2020,CHI,5,17,141
979,Adam Raska,S.J,R,22,2001-09-25,Frydek-Mistek,,CZE,CZE,70,178,2020,S.J,7,15,201
980,Alexander Barabanov,S.J,L,29,1994-06-17,St. Petersburg,,RUS,RUS,70,195,-,-,-,-,-
981,Radim Zohorna,PIT,L,27,1996-04-29,Havlickuv,,CZE,CZE,78,220,-,-,-,-,-
982,Linus Sandin,PHI,R,27,1996-05-19,Uppsala,,SWE,SWE,73,209,-,-,-,-,-
983,Artem Zub,OTT,D,28,1995-10-03,Khabarovsk,,RUS,RUS,74,200,-,-,-,-,-
984,Jeff Malott,WPG,L,27,1996-08-07,Burlington,ON,CAN,CAN,75,201,-,-,-,-,-
985,Yegor Chinakhov,CBJ,R,22,2001-02-01,Omsk,,RUS,RUS,73,204,2020,CBJ,1,21,21
986,Daniil Miromanov,VGK,D,26,1997-07-11,Moscow,,RUS,RUS,76,200,-,-,-,-,-
987,Alex Steeves,TOR,C,24,1999-12-10,Bedford,NH,USA,USA,72,196,-,-,-,-,-
988,Mike Hardman,CHI,L,24,1999-02-05,HANOVER,MA,USA,USA,74,205,-,-,-,-,-
989,Matt Kiersted,FLA,D,25,1998-04-14,ELK RIVER,MN,USA,USA,72,181,-,-,-,-,-
990,Walker Duehr,CGY,R,26,1997-11-23,Sioux Falls,SD,USA,USA,74,210,-,-,-,-,-
991,Jackson Cates,PHI,C,26,1997-09-28,STILLWATER,MN,USA,USA,72,190,-,-,-,-,-
992,Janis Moser,ARI,D,23,2000-06-06,Biel,,CHE,CHE,73,173,2021,ARI,2,28,60
993,Kent Johnson,CBJ,C,21,2002-10-18,Port Moody,BC,CAN,CAN,72,175,2021,CBJ,1,5,5
994,Matty Beniers,SEA,C,21,2002-11-05,Hingham,MA,USA,USA,74,178,2021,SEA,1,2,2
995,William Eklund,S.J,"C, L",21,2002-10-12,Stockholm,,SWE,SWE,71,181,2021,S.J,1,7,7
996,Owen Power,BUF,D,21,2002-11-22,Mississauga,ON,CAN,CAN,78,218,2021,BUF,1,1,1
997,Cole Sillinger,CBJ,C,20,2003-05-16,Columbus,OH,USA,USA,73,201,2021,CBJ,1,12,12
998,Mason McTavish,ANA,C,20,2003-01-30,Zurich,,CHE,CHE,72,213,2021,ANA,1,3,3
999,Kirill Semyonov,TOR,C,29,1994-10-27,Omsk,,RUS,RUS,72,171,-,-,-,-,-
1000,Jesper Froden,BOS,R,29,1994-09-21,Stockholm,,SWE,SWE,70,179,-,-,-,-,-
1001,Marc McLaughlin,BOS,C,24,1999-07-26,North Billerica,MA,USA,USA,72,203,-,-,-,-,-
1002,Nick Blankenburg,CBJ,D,25,1998-05-12,WASHINGTON,MI,USA,USA,69,177,-,-,-,-,-
1003,Ben Meyers,COL,C,25,1998-11-15,DELANO,MN,USA,USA,71,194,-,-,-,-,-
